id,month-12,month-11,month-10,month-9,month-8,month-7,month-6,month-5,month-4,month-3,month-2,month-1
2,1,1,1,1,1,1,1,1,1,4,4,5
3,1,1,1,1,1,1,1,1,1,1,4,4
4,4,4,4,4,4,4,4,4,4,4,4,4
8,4,4,4,4,4,4,4,4,4,4,4,4
16,1,1,1,1,1,1,1,1,1,1,1,1
19,3,4,4,4,4,4,4,4,4,4,4,4
20,1,1,1,1,1,1,1,1,1,1,1,5
25,1,1,1,1,1,1,1,1,1,3,3,3
27,4,4,4,4,4,4,4,4,4,4,4,4
30,4,1,1,1,3,3,3,3,3,3,3,3
37,1,1,1,1,1,1,1,1,1,1,1,4
43,1,3,4,4,3,3,3,3,4,4,4,4
44,1,1,1,1,1,1,1,1,1,1,1,4
49,1,1,1,1,1,1,1,1,1,1,1,1
50,1,1,1,1,1,1,1,1,1,1,1,5
57,1,1,1,1,4,4,4,4,3,3,4,4
58,3,1,1,3,3,3,3,3,3,3,3,3
61,1,1,1,1,1,1,1,1,1,1,5,5
68,1,1,1,1,1,1,1,1,1,1,4,4
75,1,1,1,1,1,1,1,1,1,1,1,5
86,4,4,4,4,4,4,4,4,4,4,4,4
89,1,1,1,1,1,1,1,1,1,1,1,1
91,1,1,1,1,1,1,1,1,1,1,1,1
92,3,3,3,3,4,4,4,4,4,4,4,4
95,1,1,1,1,1,1,1,1,1,1,1,4
96,0,0,0,0,1,1,1,1,1,1,1,4
97,1,1,1,1,1,1,1,1,1,3,3,3
98,1,1,1,1,1,1,1,1,1,1,1,4
99,1,1,1,1,1,1,1,1,1,1,1,1
100,4,4,4,4,4,3,3,3,3,4,4,4
102,1,1,1,1,1,1,4,4,1,1,1,1
111,1,1,1,1,1,1,1,1,1,1,5,5
112,4,4,3,4,4,4,4,4,4,4,4,4
121,1,1,1,1,1,1,1,1,1,1,1,4
124,1,4,4,4,4,4,4,4,4,4,4,4
128,1,1,1,1,1,1,1,1,1,1,1,1
133,1,1,1,1,1,1,1,1,1,1,1,1
137,1,1,1,1,1,1,1,1,1,1,1,1
138,4,4,4,4,1,1,1,1,1,1,4,4
140,1,1,1,1,1,1,1,1,1,1,1,1
143,3,3,3,4,4,4,3,3,3,3,3,3
144,3,3,3,3,3,3,3,3,4,4,4,4
147,1,1,1,3,3,3,3,3,3,3,3,5
149,1,1,1,1,1,1,1,1,1,1,1,1
153,1,1,1,1,1,1,1,1,1,1,1,4
157,1,1,1,1,1,1,1,1,1,1,3,3
158,1,1,1,1,1,1,1,3,3,3,3,3
160,1,1,1,1,1,1,1,1,1,1,1,1
161,1,3,3,3,3,3,3,3,3,3,5,5
165,1,1,1,1,1,1,1,1,1,1,1,3
172,4,4,4,4,4,4,4,4,4,4,4,4
174,1,1,1,1,1,1,1,1,1,1,1,1
175,4,4,4,4,4,4,4,3,3,3,3,3
179,1,1,1,1,1,1,3,3,5,5,5,5
180,4,4,4,4,4,4,4,4,4,4,4,4
183,1,1,1,1,1,1,1,1,4,1,4,4
186,1,1,1,1,1,1,1,1,1,1,1,1
188,1,1,1,1,1,1,1,1,1,4,4,4
190,4,4,4,4,4,4,4,4,4,4,4,4
192,1,1,1,1,1,1,1,1,1,1,1,5
197,1,1,1,1,1,1,1,4,4,4,4,4
200,1,1,3,3,3,3,3,3,3,4,4,4
204,4,4,4,4,4,4,4,4,4,4,4,4
205,0,0,0,0,1,1,4,4,4,4,4,4
208,4,4,4,4,4,4,4,4,4,4,4,4
221,4,4,4,4,4,4,4,4,4,4,4,4
224,4,4,4,4,4,4,4,4,4,4,4,4
227,4,4,4,4,4,4,4,4,4,4,4,4
228,4,1,1,1,4,4,4,4,4,4,4,4
229,4,3,4,4,4,4,4,4,4,4,4,4
231,1,1,1,1,1,1,1,1,1,1,1,1
236,1,1,1,1,1,1,1,1,1,1,1,1
237,4,4,4,4,4,4,4,1,1,4,4,4
239,4,4,4,3,3,3,4,4,4,4,4,4
240,1,1,1,1,1,1,1,1,1,1,1,1
242,1,1,1,1,1,1,1,1,1,1,4,4
244,0,0,0,0,0,0,0,0,0,0,0,0
245,1,1,1,1,1,1,1,1,1,1,1,1
249,3,3,3,3,4,4,4,4,4,4,4,4
250,1,1,1,1,1,1,1,1,1,1,1,1
252,3,3,3,3,3,3,3,5,5,5,5,5
254,3,3,3,3,3,3,3,1,1,1,5,5
255,1,1,3,3,3,3,3,3,3,3,5,5
256,4,4,4,4,4,4,4,4,4,4,4,4
258,4,4,4,4,4,4,4,4,4,4,4,4
265,1,1,1,1,1,1,1,1,1,3,3,3
272,1,1,1,1,1,1,1,1,1,1,1,4
275,1,1,1,1,1,1,1,1,1,1,1,1
278,3,3,3,3,3,3,3,3,3,5,5,5
282,1,1,1,1,1,1,1,1,1,1,1,1
285,4,4,4,4,4,4,4,4,4,4,4,4
287,4,4,4,4,4,4,4,4,4,4,4,4
288,4,4,4,4,4,4,4,4,4,4,4,4
289,4,3,3,3,3,4,4,4,4,4,4,4
290,4,4,1,1,1,1,1,0,0,0,0,4
292,1,1,1,1,1,1,4,1,1,1,1,4
293,1,1,1,1,1,1,1,1,1,1,1,1
294,1,1,1,1,1,1,1,1,1,1,1,1
297,0,0,1,1,1,4,4,4,4,4,4,4
305,4,4,4,4,4,4,4,4,4,4,4,4
312,1,1,1,1,1,1,1,1,4,4,4,4
314,1,1,1,1,1,4,4,4,4,4,4,4
322,1,1,1,1,1,1,1,1,1,1,4,4
333,1,1,1,1,1,1,1,1,1,1,1,5
335,1,1,1,1,1,4,4,4,4,4,4,4
338,3,3,3,3,3,4,4,4,4,4,4,4
339,4,4,4,4,4,4,4,4,4,4,4,4
340,4,4,4,4,4,4,4,4,4,4,4,4
343,4,4,4,4,4,4,4,4,4,4,4,3
344,1,1,1,1,1,1,3,3,3,3,5,5
347,1,1,1,1,1,1,1,1,1,1,4,4
354,1,1,1,1,1,1,1,1,1,1,1,1
365,4,4,4,4,4,4,4,4,4,4,4,4
369,1,1,1,1,1,1,1,1,1,1,1,1
373,1,1,1,1,1,4,4,4,4,4,4,4
374,1,1,1,1,1,1,1,1,1,1,1,1
379,4,4,4,4,4,4,4,4,4,4,4,4
382,0,0,0,0,0,0,0,0,0,0,0,0
385,1,1,1,1,1,1,1,1,1,1,1,1
388,1,1,1,1,1,1,1,1,1,1,5,5
390,3,3,3,4,4,4,4,4,4,4,4,4
391,3,4,4,3,3,4,4,4,4,4,4,4
395,4,4,3,3,4,4,4,4,4,4,4,4
397,4,4,4,4,4,4,4,4,4,4,4,4
399,1,1,1,1,1,1,1,1,1,1,1,5
400,1,1,1,1,1,1,1,1,1,1,1,1
401,4,1,1,4,4,4,4,4,4,4,4,4
402,3,3,3,3,3,3,3,3,3,3,4,4
405,3,3,3,3,3,3,3,3,3,3,3,5
407,1,1,1,1,1,1,1,1,1,1,1,5
414,3,3,3,3,3,3,3,1,1,4,4,4
416,3,3,3,3,3,3,3,3,3,3,3,3
418,1,1,1,1,1,1,1,1,1,1,1,1
423,1,1,1,1,1,1,1,1,1,1,1,5
425,4,4,4,4,4,4,4,4,4,4,4,4
427,1,1,1,1,1,1,1,1,1,1,4,4
431,1,1,1,1,1,1,1,1,1,1,1,1
437,1,1,1,1,1,1,1,1,1,1,1,3
438,1,1,1,1,1,1,1,1,1,1,1,5
439,1,1,1,1,1,1,1,1,1,1,1,1
442,4,4,4,4,4,4,4,4,4,4,4,4
444,1,1,1,1,1,1,4,1,1,1,4,4
446,4,4,1,1,1,1,1,1,1,5,5,5
452,1,3,3,3,3,3,3,3,4,4,4,4
455,4,4,4,4,4,1,4,3,3,3,5,5
458,1,1,1,1,1,1,1,1,1,1,1,1
459,1,1,1,1,1,1,1,1,1,1,5,5
462,1,1,1,1,1,1,1,1,1,1,1,1
465,1,1,1,1,1,1,1,4,4,4,1,4
467,1,1,1,1,1,1,1,1,1,1,1,4
471,3,3,3,3,3,3,3,3,5,5,5,5
474,1,1,1,1,1,1,1,1,1,1,1,1
475,1,1,1,1,1,1,1,1,1,1,1,1
476,1,1,1,1,1,1,4,4,4,4,4,4
478,4,4,4,4,4,4,4,4,4,4,4,4
485,4,4,4,3,3,3,3,3,3,4,4,4
491,0,0,0,0,0,0,0,0,0,0,0,0
492,1,1,1,1,1,1,1,1,1,1,5,5
495,3,3,3,3,3,3,3,3,3,3,4,4
499,1,1,1,1,1,1,1,1,1,1,1,1
503,3,3,3,3,3,3,3,4,4,4,4,4
504,4,4,4,4,4,4,4,4,4,4,4,4
506,1,1,1,1,1,1,1,1,1,1,1,1
507,4,4,4,4,4,4,4,4,4,4,4,4
514,1,1,1,1,1,1,1,4,4,4,4,4
519,1,1,4,4,4,4,4,4,4,4,4,4
522,4,4,4,4,4,4,4,4,4,4,4,4
528,3,4,4,3,3,3,3,3,4,4,4,4
529,1,1,1,1,1,1,1,1,1,1,1,4
530,4,4,4,4,4,4,4,4,4,4,4,4
533,3,3,3,3,3,3,3,3,3,3,5,5
536,3,3,3,3,3,4,4,4,4,4,4,4
542,4,4,4,4,4,4,4,4,4,4,4,4
544,1,1,1,1,1,1,1,1,1,1,1,5
546,3,3,3,3,3,3,4,4,4,4,4,4
548,1,1,1,1,1,4,4,1,1,1,5,5
550,0,0,0,0,0,0,4,4,4,4,4,4
552,1,1,1,1,1,1,1,1,1,4,4,4
557,1,1,1,1,1,3,3,3,3,3,3,5
558,1,1,1,1,1,1,1,1,1,1,1,1
563,1,1,1,3,3,3,3,3,3,4,4,4
567,1,1,1,1,1,1,1,1,1,1,4,4
568,1,1,1,1,1,3,3,3,3,3,3,5
572,1,1,1,1,1,1,1,1,1,1,1,4
576,1,3,3,3,3,3,3,3,3,3,3,5
579,1,1,1,1,1,1,1,1,1,1,4,4
582,1,1,1,1,1,1,1,1,1,1,1,1
585,4,4,4,4,4,4,4,4,4,4,4,4
588,0,0,0,0,0,4,4,4,3,1,1,3
589,4,4,4,4,4,4,4,4,4,4,4,4
590,4,4,4,4,4,4,4,4,4,4,4,4
593,4,4,4,4,4,4,4,4,4,4,4,4
604,3,3,3,3,3,3,3,3,3,3,3,3
608,1,4,4,4,4,4,4,4,4,4,4,4
611,1,1,1,1,1,1,1,1,1,1,1,1
614,4,4,4,4,4,4,4,4,4,4,4,4
615,4,4,4,4,4,4,4,4,4,4,4,4
618,4,4,4,4,4,4,4,4,4,4,4,4
619,4,4,4,4,4,4,4,4,4,4,4,4
621,1,1,1,1,1,1,4,4,4,4,4,4
622,1,1,1,1,1,1,1,1,1,1,1,4
623,4,4,4,4,4,4,4,4,4,4,4,4
627,0,0,0,0,0,0,0,0,0,0,0,0
632,4,4,4,4,4,4,4,4,4,4,4,4
634,1,1,1,1,1,1,1,1,1,1,1,1
635,2,2,2,2,2,2,1,1,1,1,4,4
640,1,1,1,1,1,1,1,1,1,1,1,1
642,1,3,5,5,5,5,5,5,5,5,5,5
648,1,1,4,4,4,4,4,4,4,3,3,3
650,1,1,1,1,1,1,1,1,1,1,1,1
654,1,1,1,1,1,3,3,3,3,3,3,3
656,1,1,1,1,1,1,1,1,1,1,1,4
662,1,1,1,1,1,1,1,1,1,1,1,4
664,1,1,1,1,1,1,1,1,1,1,1,1
668,3,3,3,3,4,3,3,3,3,3,3,5
677,1,1,1,1,4,4,4,1,1,1,1,5
688,4,4,4,4,4,4,4,4,4,4,4,4
689,1,1,1,1,1,1,3,3,3,3,4,4
692,1,1,1,3,3,3,3,3,3,3,3,5
698,4,4,4,4,4,4,4,4,4,4,4,4
703,3,4,4,4,3,4,4,4,4,4,4,4
704,1,1,1,1,1,1,1,1,1,1,1,1
706,4,4,4,4,4,4,4,4,4,4,4,4
708,1,1,1,4,1,1,1,4,4,4,4,4
712,1,1,1,1,1,1,1,1,1,1,1,5
713,3,3,3,3,4,4,4,4,4,4,4,4
720,1,1,1,1,1,1,1,4,4,4,4,4
721,3,3,3,3,3,3,3,3,3,5,5,5
724,1,1,3,4,3,3,3,3,4,3,4,4
726,1,1,1,1,1,4,4,4,4,4,4,4
733,3,3,3,4,4,4,3,3,3,3,5,5
736,1,1,1,1,4,4,4,4,4,4,4,4
739,4,4,4,4,4,4,4,4,4,4,4,4
740,4,1,1,1,1,4,4,4,4,4,4,4
743,4,4,4,4,4,4,4,4,4,4,4,4
744,4,4,4,4,4,4,4,4,4,4,4,4
746,1,1,1,1,1,1,1,1,1,1,5,5
752,1,1,1,1,1,1,1,1,1,1,1,1
755,4,4,4,4,4,4,4,4,4,4,4,1
756,3,3,3,3,3,3,3,3,3,3,3,3
757,1,1,3,3,3,4,4,4,4,4,4,4
758,4,4,4,4,4,4,4,4,4,4,4,4
759,4,4,4,4,4,4,4,4,4,4,4,4
761,4,4,4,4,4,4,4,4,4,4,4,4
764,4,4,4,4,4,4,4,4,4,4,4,4
768,4,4,4,4,4,4,4,4,4,4,4,4
770,4,4,4,3,4,4,4,4,4,4,4,4
775,1,1,4,4,4,4,4,4,4,4,4,4
779,1,1,1,1,1,1,1,1,1,1,1,1
783,4,4,4,4,4,4,4,4,4,3,3,4
789,1,1,1,1,1,1,1,3,3,3,1,5
790,1,1,1,4,4,1,1,1,1,1,4,4
792,4,4,3,3,3,4,4,4,4,4,4,4
801,4,4,4,4,4,4,4,4,4,4,4,4
803,1,1,1,1,1,1,1,1,4,4,4,4
804,1,1,1,1,4,1,1,1,1,1,1,1
810,1,1,1,1,1,1,1,1,1,1,1,1
811,1,1,1,1,1,1,1,1,1,1,1,1
812,1,1,1,1,1,1,1,1,1,1,1,1
814,1,1,1,1,1,1,4,4,4,4,4,4
816,1,1,1,3,3,3,3,3,3,3,4,4
828,3,4,4,4,3,3,3,3,3,3,3,4
829,1,1,1,1,1,1,1,1,1,1,4,4
830,4,4,4,4,4,4,4,4,4,4,4,4
834,3,3,3,3,3,4,4,4,4,4,4,4
835,3,3,3,3,3,3,3,3,3,3,3,5
836,4,4,4,4,4,4,4,4,4,4,4,4
839,1,1,4,4,4,4,4,4,4,4,4,4
841,1,1,4,4,4,4,4,4,4,4,4,4
842,4,4,4,4,4,4,4,4,4,4,4,4
843,4,4,4,1,1,4,4,4,4,4,4,4
845,4,4,4,4,4,4,4,4,4,4,4,4
848,4,4,4,4,4,4,4,4,4,4,4,4
852,1,1,1,1,1,4,4,4,4,4,4,4
854,1,1,1,1,1,1,1,4,4,4,4,4
855,1,1,1,1,1,1,1,1,1,1,1,1
856,1,1,1,1,1,1,1,1,1,1,1,5
862,4,4,4,4,4,4,4,4,4,4,4,4
866,1,4,4,4,4,4,4,4,4,4,4,4
879,1,1,1,1,1,1,1,1,1,1,1,1
880,4,4,4,4,4,4,4,4,4,4,4,4
887,1,1,1,3,3,3,3,3,3,3,3,5
889,1,1,1,1,1,1,4,1,1,4,4,4
893,3,3,3,3,3,3,3,3,3,5,5,5
896,3,1,1,1,1,1,1,1,1,1,1,5
898,1,1,1,1,1,1,1,1,1,3,3,3
900,1,1,1,1,1,4,4,4,4,4,4,4
906,1,1,1,1,1,1,1,1,1,1,1,1
912,1,1,1,1,1,1,1,1,1,4,1,5
914,1,1,1,1,1,1,1,1,1,1,1,1
918,3,3,3,3,3,3,3,3,3,3,3,3
923,1,1,1,1,1,1,1,1,1,1,1,1
928,1,1,1,1,1,1,1,1,1,5,5,5
930,4,4,4,4,4,4,4,4,4,4,4,4
932,0,0,0,0,0,0,0,0,0,0,0,0
935,1,4,4,1,1,1,1,1,1,4,5,5
936,1,1,1,1,1,1,1,1,1,1,1,5
939,4,4,4,4,4,4,4,4,4,4,4,4
940,1,1,1,1,1,1,1,1,1,1,1,1
942,1,1,1,1,1,1,1,1,1,1,1,5
949,4,4,4,4,4,4,4,4,4,4,4,4
950,1,1,1,1,1,1,1,1,1,1,1,1
952,3,3,3,3,4,3,3,3,3,3,3,5
953,4,4,3,3,3,3,3,3,4,4,4,4
962,1,1,1,1,1,1,1,1,1,1,1,1
964,1,1,1,1,1,1,1,1,1,1,1,1
967,1,1,1,1,1,1,1,1,1,4,4,4
971,1,1,1,1,1,1,1,1,1,1,1,5
974,1,1,1,1,1,1,1,1,1,1,1,5
975,3,3,3,3,3,3,3,3,3,3,5,5
978,1,1,1,1,1,1,1,1,1,1,1,1
979,1,1,1,4,4,4,4,4,4,4,4,4
981,1,1,1,1,1,1,1,1,1,1,1,1
988,4,4,4,4,4,4,4,4,4,4,4,4
992,4,4,4,4,4,4,4,4,4,4,4,4
995,0,0,0,0,0,0,0,0,0,0,0,0
998,1,1,1,1,1,1,1,1,1,1,5,5
999,1,1,1,1,1,1,3,3,3,3,3,4
1005,1,1,1,4,4,4,1,1,4,4,4,4
1009,4,4,4,4,4,4,4,4,4,4,4,4
1015,3,1,3,4,3,3,3,3,3,3,3,4
1017,1,1,1,1,1,1,1,1,1,1,1,4
1024,1,1,1,1,1,1,3,3,3,3,3,5
1025,4,4,4,4,4,4,4,4,4,4,4,4
1030,4,4,4,4,4,4,4,4,4,4,4,4
1033,4,4,4,4,4,4,4,4,4,4,4,4
1034,4,4,4,4,4,4,4,4,4,4,4,4
1035,3,1,1,1,1,4,4,4,4,4,4,4
1038,1,1,1,1,1,1,1,1,1,1,1,5
1039,1,1,1,1,1,1,1,1,1,1,1,5
1048,4,4,4,4,4,4,4,4,4,4,4,4
1049,1,1,1,1,1,1,1,1,1,1,1,1
1056,1,1,4,4,4,4,4,3,3,3,4,4
1057,0,0,0,0,0,0,0,0,0,0,0,0
1063,4,4,4,4,4,4,3,3,3,3,3,4
1065,1,1,1,1,4,4,3,3,3,4,3,4
1069,3,3,3,3,3,3,1,1,1,3,3,3
1070,4,4,4,4,4,4,4,4,4,4,4,4
1071,4,4,1,1,4,4,4,4,4,4,4,4
1074,3,3,3,3,3,3,3,3,3,3,3,5
1076,3,4,4,4,4,4,4,4,4,4,4,4
1077,4,4,4,4,4,4,4,4,4,4,4,4
1079,4,4,4,4,4,4,4,4,4,4,4,4
1080,1,1,1,1,1,1,1,1,1,1,1,1
1082,1,1,1,1,1,1,1,1,1,1,1,1
1088,3,3,3,3,3,1,1,1,1,1,1,1
1090,4,4,4,4,4,4,4,4,4,4,4,4
1101,4,4,1,1,1,1,1,1,1,4,4,4
1104,1,1,1,1,1,1,1,1,1,1,1,5
1108,1,4,4,3,1,1,1,1,1,1,1,4
1110,1,1,1,1,1,1,1,1,1,4,4,4
1111,0,0,0,0,0,0,0,0,0,0,0,0
1112,4,4,4,4,4,4,4,4,4,4,4,4
1116,1,1,1,1,1,1,1,1,1,1,1,1
1117,1,1,1,1,1,1,1,1,1,1,1,5
1118,1,1,1,1,1,1,1,1,1,1,4,4
1121,4,4,4,4,4,4,4,4,4,4,4,4
1123,4,4,4,4,4,4,4,4,4,4,4,4
1130,1,1,1,1,1,1,1,1,1,1,1,1
1131,1,1,1,1,1,1,1,1,4,4,4,4
1132,1,1,1,1,1,1,1,1,1,1,1,1
1141,1,1,1,1,1,1,1,1,1,1,1,4
1147,3,3,3,3,3,3,3,3,3,3,3,4
1152,4,4,4,4,4,4,4,4,4,4,4,4
1155,3,3,3,3,4,4,3,3,3,3,4,4
1157,4,4,4,4,4,4,4,1,1,4,4,4
1158,1,1,1,1,1,1,1,1,1,1,1,1
1159,1,1,1,1,1,1,1,1,1,1,1,1
1160,1,1,1,1,1,1,1,1,1,1,1,1
1161,4,4,4,4,4,4,4,4,4,4,4,4
1163,1,1,1,4,4,4,4,4,4,4,4,4
1164,1,1,1,1,1,4,4,4,4,4,4,4
1165,1,1,1,1,1,1,4,4,4,4,4,4
1166,1,1,1,1,4,4,4,4,4,4,4,4
1170,3,3,3,3,4,4,4,4,4,4,4,4
1172,1,1,1,1,1,1,1,1,1,1,1,5
1177,1,1,1,1,1,1,1,1,3,3,3,3
1179,1,1,1,1,1,1,1,1,1,1,1,1
1181,1,1,1,1,1,1,1,1,1,1,1,5
1184,1,1,1,1,1,1,1,1,1,1,1,1
1187,1,1,1,1,1,1,1,1,1,5,5,5
1189,0,0,0,0,0,0,0,0,0,0,0,0
1191,1,1,1,1,1,1,1,1,1,1,1,4
1199,4,4,4,4,4,4,4,4,4,4,4,4
1200,1,1,1,1,1,1,1,1,1,4,4,4
1202,1,1,1,1,1,1,1,1,1,1,1,1
1203,1,1,1,1,1,1,1,1,1,1,1,1
1207,4,3,3,3,4,3,3,3,3,3,4,4
1209,0,0,0,0,0,0,0,0,0,0,0,0
1210,4,4,4,4,4,4,4,4,4,4,4,4
1212,4,4,4,4,4,4,4,4,4,4,4,4
1213,4,4,4,4,4,4,4,4,4,4,4,4
1216,4,4,4,4,4,4,4,4,4,4,4,4
1220,4,4,1,3,3,3,4,3,3,3,4,4
1221,4,4,4,4,4,4,4,4,4,4,4,4
1224,4,4,4,4,4,4,4,4,4,4,4,4
1225,0,0,0,0,0,0,0,0,0,0,0,0
1226,4,4,4,4,4,4,4,4,4,4,4,4
1227,4,4,4,4,4,4,4,4,4,4,4,4
1228,4,1,1,1,1,1,1,1,1,1,1,5
1230,1,1,1,1,1,1,1,1,1,1,4,4
1233,1,4,4,3,4,4,4,4,4,4,4,4
1234,1,1,1,1,1,1,1,1,1,1,1,1
1236,3,3,3,3,3,3,1,4,4,4,4,4
1238,0,0,0,0,0,0,0,0,1,4,4,4
1241,4,4,4,4,4,4,4,4,4,4,4,4
1242,4,4,1,1,4,4,4,4,4,4,4,4
1244,4,4,4,4,4,4,3,3,3,4,4,4
1246,1,1,1,1,1,1,1,1,1,1,1,1
1250,4,4,4,4,4,4,4,4,4,4,4,4
1251,4,4,4,4,4,4,4,4,4,4,4,4
1253,1,1,1,1,1,1,1,1,1,1,1,4
1258,4,3,3,4,4,4,4,4,4,4,4,4
1259,3,3,3,3,3,3,3,4,4,4,4,4
1261,1,1,1,1,1,1,1,1,1,1,1,5
1263,1,1,1,1,1,1,1,1,1,4,4,4
1269,4,1,3,3,4,4,4,1,1,1,1,4
1270,1,1,1,1,1,1,1,1,1,1,1,1
1279,1,1,1,1,3,3,3,3,3,3,3,5
1286,1,1,1,1,1,1,1,1,1,1,1,1
1290,4,4,4,4,4,4,4,4,4,4,4,4
1293,4,4,4,4,4,4,4,4,4,4,4,4
1295,4,4,4,4,4,4,4,4,4,4,4,4
1296,1,1,1,1,1,1,1,1,1,1,1,1
1297,4,4,4,4,4,4,4,4,4,4,4,4
1302,4,4,4,4,4,4,4,4,4,4,4,4
1305,4,4,4,4,4,4,4,4,4,4,4,4
1306,1,1,4,4,4,4,4,4,4,4,4,4
1308,4,4,4,4,4,4,4,4,4,4,4,4
1310,4,4,4,1,1,1,1,1,1,4,4,4
1312,4,4,4,4,4,4,4,4,4,4,4,4
1313,4,1,4,4,4,4,4,4,4,4,4,4
1322,4,4,1,1,1,1,1,1,1,4,4,4
1323,1,1,1,1,1,1,1,1,1,1,1,4
1324,4,4,4,4,4,4,4,4,4,4,4,4
1327,1,1,1,1,1,1,1,1,1,1,1,4
1341,4,4,4,4,4,4,4,4,4,4,4,4
1343,1,4,4,4,1,1,1,1,1,1,4,4
1352,1,1,1,1,1,1,1,1,1,4,4,4
1356,1,1,1,1,1,1,1,1,1,1,1,1
1359,1,1,1,1,1,1,1,1,1,1,1,1
1360,1,1,1,1,1,1,1,1,1,1,1,1
1361,4,4,4,4,4,4,4,4,4,4,4,4
1362,1,1,1,1,1,1,1,1,1,1,1,1
1370,4,4,4,4,4,4,4,4,4,4,4,4
1375,1,1,1,1,1,1,1,1,1,1,1,1
1376,0,0,0,0,0,0,0,0,0,0,0,0
1377,4,3,3,3,3,4,4,4,4,4,4,4
1378,1,1,1,1,1,1,1,1,1,1,5,5
1381,4,4,4,4,4,4,4,4,4,4,4,4
1382,4,4,4,4,4,4,4,4,4,4,4,4
1385,1,1,1,1,1,1,1,1,1,1,1,1
1388,4,4,4,4,4,4,4,4,4,4,4,4
1389,1,1,1,1,1,1,1,1,1,1,1,1
1391,4,4,4,4,4,4,4,4,4,4,4,4
1394,1,1,1,1,1,1,1,1,1,1,1,1
1398,4,4,4,4,4,4,4,4,4,4,4,4
1399,1,1,1,1,1,1,1,1,1,1,1,1
1400,4,4,4,4,4,4,4,4,4,4,4,4
1401,4,4,4,4,4,4,4,4,4,4,4,4
1402,1,1,1,1,1,1,1,1,1,1,1,1
1406,0,0,0,0,0,3,3,1,1,1,1,4
1409,4,3,3,3,3,3,1,4,4,4,4,4
1410,1,4,4,3,4,4,3,1,1,1,1,1
1411,1,1,1,4,4,4,4,4,4,4,4,4
1412,4,4,3,3,3,4,4,4,4,4,4,4
1414,4,4,4,4,4,4,4,4,4,4,4,4
1415,4,4,4,4,4,4,4,4,4,4,4,4
1416,4,4,4,4,4,4,1,1,1,1,1,4
1419,1,3,4,4,4,4,4,4,4,4,4,4
1423,4,4,4,4,4,4,4,4,4,4,4,4
1435,1,1,1,1,1,1,1,1,1,1,4,4
1436,4,4,4,4,4,4,4,4,4,4,4,4
1438,4,4,4,4,4,4,4,4,4,4,4,4
1439,1,4,4,4,4,4,4,4,4,4,4,4
1440,4,4,4,4,4,3,3,4,4,4,4,4
1442,1,1,1,1,1,1,1,1,1,1,1,5
1443,3,3,4,4,4,4,4,4,4,4,4,4
1446,3,1,1,1,3,3,3,3,3,3,3,3
1451,0,0,0,0,0,0,0,4,4,4,4,4
1454,1,1,1,1,1,1,3,3,3,3,3,3
1455,4,4,4,4,4,4,4,4,4,4,4,4
1459,4,4,4,4,4,4,1,1,4,4,4,4
1460,1,1,1,1,1,1,1,1,1,4,4,4
1465,3,3,4,1,4,4,4,4,4,4,4,4
1469,4,4,4,4,4,4,4,4,4,4,4,4
1470,4,4,4,4,4,4,4,4,4,4,4,4
1474,1,1,1,1,1,1,1,1,1,1,1,1
1478,3,3,3,3,3,3,5,5,5,5,5,5
1482,4,4,4,4,4,4,4,4,4,4,4,4
1484,4,1,1,1,4,4,4,4,4,4,4,4
1489,0,0,0,4,4,4,4,4,4,4,4,4
1490,4,4,4,4,4,4,4,4,4,4,4,4
1491,4,4,0,0,3,3,3,4,4,4,4,4
1493,3,3,3,3,3,3,3,3,3,3,4,4
1494,4,4,4,4,4,4,4,4,4,4,4,4
1495,0,0,0,0,0,0,0,0,0,0,0,0
1498,1,1,1,1,1,1,1,1,1,1,1,1
1499,1,1,1,1,1,1,1,1,1,1,1,1
1502,1,1,1,1,1,1,1,1,1,1,1,1
1507,1,1,1,1,1,1,4,4,4,4,4,4
1512,1,1,1,1,1,1,1,1,1,4,4,4
1517,0,0,0,0,0,0,0,0,0,0,0,0
1519,4,4,4,4,4,4,4,4,4,4,4,4
1522,1,1,1,1,1,1,1,1,1,1,1,1
1524,4,4,4,4,4,4,4,4,4,4,4,4
1525,4,4,4,4,4,4,4,4,4,4,4,4
1531,3,3,3,3,3,1,1,1,1,1,1,1
1532,3,3,3,3,4,4,4,4,4,1,4,4
1533,4,4,4,3,3,3,4,4,4,4,4,4
1534,1,1,1,1,1,1,1,1,1,1,1,1
1538,1,3,3,4,1,1,1,1,1,1,1,1
1539,1,1,1,1,1,4,4,4,4,4,4,4
1541,1,1,4,4,4,4,4,3,3,3,3,4
1544,4,4,4,4,4,4,4,4,3,3,3,3
1546,4,3,3,3,3,3,1,1,1,1,1,1
1548,4,4,4,4,4,4,4,4,4,4,4,4
1549,4,4,4,4,4,1,4,4,4,4,4,4
1551,3,3,3,3,3,3,3,3,3,3,3,3
1552,0,0,0,0,0,0,0,0,0,0,0,0
1553,1,1,1,1,1,1,1,1,1,1,1,1
1558,1,1,1,1,1,1,1,1,1,1,1,5
1559,0,0,0,0,0,0,0,0,0,0,0,0
1566,3,1,1,1,1,1,1,4,4,4,4,4
1571,3,3,4,3,3,3,4,4,4,4,4,4
1579,1,1,1,1,1,1,1,1,1,1,1,4
1581,1,1,1,1,1,1,1,1,1,1,1,1
1583,4,4,4,4,4,4,4,4,4,4,4,4
1584,3,1,1,3,1,3,1,4,4,4,3,3
1587,1,1,1,1,1,1,1,1,1,1,1,1
1592,1,1,1,1,1,4,1,1,4,4,4,4
1593,1,1,1,1,1,1,4,4,4,4,4,4
1596,4,4,4,0,0,0,0,0,0,0,0,0
1598,1,4,4,4,4,4,4,4,4,4,4,4
1599,1,1,1,1,1,1,1,1,1,1,1,1
1600,0,0,0,0,0,0,0,0,0,0,0,0
1605,4,4,3,4,4,4,4,4,4,4,4,4
1608,4,4,4,4,4,4,4,4,4,4,4,4
1609,4,4,4,4,4,4,4,4,4,4,4,4
1610,4,4,4,4,4,4,4,4,4,4,4,4
1616,1,1,4,3,3,3,3,3,4,4,4,4
1617,4,1,1,1,1,1,1,1,1,1,4,4
1623,4,1,1,1,4,4,4,4,4,4,4,4
1629,4,1,1,1,1,4,4,4,4,4,4,4
1634,1,1,1,1,1,1,1,1,1,1,1,1
1638,1,1,1,1,1,1,1,1,1,1,1,1
1639,1,1,1,1,1,1,1,1,1,1,1,4
1640,1,1,1,1,1,1,1,1,1,1,1,1
1642,4,4,4,4,4,4,4,4,4,4,4,4
1648,4,4,4,4,4,4,4,4,4,4,4,4
1649,1,1,1,1,1,4,4,4,4,4,4,4
1650,1,1,1,1,1,1,1,1,1,1,5,5
1655,3,3,3,3,3,3,3,3,3,3,5,5
1656,1,1,1,1,1,1,1,1,1,1,1,1
1657,1,1,1,1,1,1,1,1,1,4,4,4
1658,1,1,1,4,1,1,1,1,1,4,4,4
1661,1,1,1,1,1,1,3,4,4,4,4,4
1662,1,1,1,4,1,4,4,4,4,4,4,4
1666,1,1,1,1,1,1,3,3,3,3,3,3
1674,1,1,1,1,1,4,4,4,4,4,4,4
1675,1,1,1,1,1,1,1,1,1,1,1,1
1676,1,1,1,1,1,1,1,1,1,1,1,1
1683,4,4,4,4,4,4,3,3,3,3,3,5
1689,1,1,1,1,1,1,1,1,1,1,1,1
1690,4,4,4,4,4,4,4,4,4,4,4,4
1704,4,4,4,4,4,4,3,3,4,4,4,4
1714,1,1,1,1,1,1,1,1,4,4,4,4
1719,4,4,4,4,4,4,4,4,4,4,4,4
1720,1,1,1,1,1,1,1,1,4,1,1,4
1723,4,4,4,4,1,1,1,1,1,1,1,1
1725,1,1,1,1,1,1,4,4,4,4,4,4
1729,4,4,4,4,4,4,4,4,4,4,4,4
1730,1,1,1,1,1,4,4,1,1,1,5,5
1732,1,1,1,1,1,1,1,1,1,1,1,1
1733,1,1,1,1,1,1,1,1,1,1,1,1
1734,4,3,3,4,4,3,3,1,1,1,4,4
1735,1,1,1,1,1,1,1,1,1,1,4,4
1736,1,1,1,1,3,3,3,3,3,3,3,5
1745,1,1,1,1,1,1,1,1,1,1,1,1
1747,4,4,4,4,4,4,3,3,3,3,3,3
1749,4,1,1,1,1,1,1,1,1,1,0,0
1751,1,1,1,1,1,1,4,4,4,4,4,4
1752,4,4,4,4,4,4,4,4,4,4,4,4
1754,4,4,1,1,1,4,4,4,4,4,4,4
1757,4,4,4,4,4,4,4,4,4,4,4,4
1758,1,1,1,1,1,1,1,1,1,1,1,1
1760,0,0,0,0,0,0,0,0,0,0,0,0
1766,1,1,1,1,1,1,4,4,4,1,1,1
1768,4,4,4,4,4,4,4,4,4,4,4,4
1769,3,3,3,3,3,3,3,3,3,4,4,4
1770,4,4,4,3,3,3,3,3,3,3,4,4
1775,1,1,1,4,1,4,4,4,4,4,4,4
1776,4,1,1,1,1,1,1,1,1,4,4,4
1778,3,3,4,4,4,4,4,4,4,4,4,4
1785,1,1,4,4,4,4,4,4,4,4,4,4
1786,1,1,1,1,1,1,1,4,4,4,4,4
1789,4,4,4,4,4,4,4,4,4,4,4,4
1794,1,1,1,1,1,4,4,4,4,4,4,4
1795,4,4,4,4,4,4,4,4,4,4,4,4
1797,4,4,4,4,4,4,4,4,4,4,4,4
1803,1,1,1,1,1,1,1,1,1,1,1,1
1804,1,1,1,1,1,1,1,1,1,1,1,1
1808,3,3,3,3,3,3,3,3,3,3,3,5
1814,1,1,1,1,1,1,1,1,4,4,4,4
1815,3,3,4,4,4,4,4,4,4,4,4,4
1816,4,4,4,4,4,4,4,4,4,4,4,4
1824,0,0,0,0,0,0,0,0,0,0,0,0
1825,4,4,4,4,4,4,4,4,4,4,4,4
1826,1,1,1,1,1,1,1,1,1,1,1,5
1828,4,4,3,3,4,4,4,4,4,4,4,4
1829,4,4,4,4,4,4,4,4,4,4,4,4
1831,1,1,4,4,4,4,4,4,4,4,4,4
1832,1,1,1,1,1,1,1,1,3,3,4,4
1833,4,4,4,4,4,4,4,4,4,4,4,4
1838,1,1,1,1,1,1,1,4,4,4,4,4
1839,1,1,1,1,4,4,4,4,4,4,4,4
1840,4,4,4,4,4,4,4,4,4,4,4,4
1842,3,3,3,4,4,4,3,3,3,4,4,4
1844,3,3,3,3,3,3,3,3,5,5,5,5
1847,3,3,3,3,3,3,3,3,3,3,3,5
1848,1,1,1,1,1,1,1,1,1,1,1,1
1853,1,1,1,1,1,1,1,1,1,1,1,1
1856,3,3,3,3,3,4,4,4,4,4,3,3
1858,1,1,1,1,1,1,1,4,4,4,4,4
1862,1,1,1,1,1,1,1,1,1,1,1,1
1863,1,1,1,1,1,1,1,1,1,1,5,5
1865,1,1,1,1,4,4,4,4,4,4,4,4
1866,3,3,3,3,3,3,3,3,3,3,3,3
1868,1,1,1,1,1,1,4,4,4,4,4,4
1870,4,3,3,1,1,1,1,1,1,1,1,1
1876,4,4,4,4,4,4,4,4,4,4,4,4
1878,4,4,4,4,4,4,4,4,4,4,4,4
1880,1,1,1,1,1,1,1,1,1,1,1,1
1885,1,1,1,1,1,1,1,1,1,1,1,1
1896,1,1,1,1,1,1,1,1,1,1,1,5
1898,1,1,1,1,1,1,1,1,1,1,1,1
1900,1,1,1,1,1,1,1,1,1,1,1,5
1902,1,1,1,1,1,1,1,1,1,1,1,1
1904,3,1,1,1,1,1,1,1,4,4,4,4
1905,1,1,1,1,1,1,1,1,3,3,3,5
1912,4,4,4,4,4,4,4,4,4,4,3,3
1926,1,1,1,1,1,1,1,1,1,1,1,4
1927,3,3,3,3,3,3,3,3,3,3,3,5
1928,4,4,4,4,4,4,4,4,4,4,4,4
1935,1,1,1,1,1,1,1,1,1,1,1,1
1936,1,1,1,1,1,1,1,1,3,3,3,3
1937,1,1,1,1,1,1,1,1,1,1,1,1
1938,1,1,1,1,1,4,1,1,1,4,4,4
1940,4,4,4,4,4,4,4,4,4,4,4,4
1947,3,3,3,3,3,3,4,4,4,4,4,4
1951,3,3,3,3,3,3,3,3,3,3,3,3
1953,4,4,4,4,4,4,4,4,4,4,4,4
1954,1,1,1,1,1,4,4,4,4,4,4,4
1960,1,1,1,1,1,1,1,1,1,1,1,1
1962,1,1,1,1,1,1,1,1,1,1,1,4
1965,3,3,3,1,1,1,1,1,1,4,4,4
1972,1,1,1,1,1,1,1,1,1,1,1,1
1974,1,4,1,1,1,1,1,4,4,4,4,4
1980,3,3,3,3,3,4,4,4,4,4,4,4
1986,1,1,1,1,1,1,1,1,3,3,3,3
1990,4,4,4,4,4,4,4,4,4,4,4,4
1993,4,4,4,4,4,4,4,4,4,4,4,4
1994,3,3,3,3,3,3,3,3,3,5,5,5
1997,3,4,3,3,3,3,3,3,3,3,5,5
2002,4,4,4,4,4,4,4,4,4,4,4,4
2003,3,4,3,3,3,3,3,3,3,3,4,4
2008,4,4,4,1,1,1,1,3,3,3,3,3
2012,1,1,1,4,4,4,4,4,4,4,4,4
2013,1,1,1,1,1,1,4,4,1,1,1,4
2016,1,1,1,1,1,1,1,1,1,1,1,1
2021,4,4,4,4,4,4,4,4,4,4,4,4
2027,1,1,4,4,4,4,3,3,3,3,5,5
2035,1,1,1,1,3,3,3,3,5,5,5,5
2036,0,0,0,0,0,0,0,0,0,0,0,0
2042,3,1,1,1,1,1,1,1,1,1,1,1
2046,1,1,1,1,4,4,4,4,4,4,4,4
2049,1,1,1,1,1,1,1,1,1,1,1,1
2054,4,4,4,4,4,4,4,4,4,4,4,4
2057,4,4,4,4,4,4,4,4,4,4,4,4
2058,3,3,3,3,4,3,3,3,3,3,3,4
2061,1,1,1,1,1,1,1,1,1,1,1,5
2062,1,1,1,1,1,1,1,1,1,5,5,5
2063,3,3,3,3,3,3,3,4,4,4,4,4
2064,1,1,1,1,1,1,1,1,1,1,1,5
2066,3,3,3,3,3,3,4,3,5,5,5,5
2068,1,1,1,1,1,1,1,1,1,1,1,5
2070,1,1,1,1,1,1,1,4,4,4,4,4
2071,1,1,1,1,1,1,1,1,1,1,1,1
2072,1,1,1,1,1,1,1,1,1,1,3,3
2073,1,1,1,1,1,1,1,1,1,1,1,5
2074,1,1,1,1,1,1,1,1,1,1,1,5
2076,1,1,1,1,1,1,1,1,1,1,1,1
2077,4,4,4,4,4,4,4,4,4,4,4,4
2079,1,1,1,1,1,3,3,3,3,3,3,4
2082,1,1,1,1,1,5,5,5,5,5,5,5
2083,1,1,1,1,1,1,1,1,1,1,1,1
2088,1,1,1,1,1,1,1,1,1,1,1,3
2094,4,4,4,4,4,4,4,4,4,4,4,4
2098,1,1,1,1,1,1,1,1,1,1,1,1
2102,4,4,4,4,4,4,4,4,4,4,4,4
2103,1,1,1,1,1,1,1,1,1,1,1,5
2104,1,1,1,4,4,4,4,4,4,4,4,4
2105,0,0,0,0,0,0,0,0,0,0,0,0
2112,4,4,4,4,4,4,4,4,4,4,4,4
2119,4,4,4,4,4,4,4,4,4,4,4,4
2120,1,1,1,1,1,4,4,4,4,4,4,4
2121,4,4,4,4,4,4,4,4,4,4,4,4
2123,5,5,5,5,5,5,5,5,5,5,5,5
2124,1,1,1,1,1,1,1,1,1,1,1,1
2125,1,1,4,4,4,4,4,4,4,4,4,4
2126,1,1,1,1,1,1,1,1,1,1,1,1
2128,3,3,3,3,4,4,4,4,4,4,4,4
2130,4,4,4,4,4,4,4,4,4,4,4,4
2131,4,4,1,1,4,4,4,4,4,4,4,4
2132,1,1,1,1,1,1,1,1,1,1,1,1
2133,1,1,1,1,1,1,1,1,1,1,1,1
2134,3,3,3,3,1,4,4,4,4,4,4,4
2137,1,1,1,1,4,4,4,4,4,4,4,4
2153,4,4,4,4,4,4,4,4,4,4,4,4
2155,1,1,1,1,4,1,1,1,1,1,1,5
2158,4,4,4,4,4,4,4,4,4,4,4,4
2161,4,4,4,4,4,4,4,4,4,4,4,4
2164,1,1,1,1,1,1,1,1,1,1,1,1
2174,3,3,4,4,4,4,4,4,4,4,4,4
2175,4,4,4,4,4,4,4,4,4,4,4,4
2179,0,0,0,0,0,0,0,0,0,4,4,4
2186,1,1,1,1,1,1,1,1,1,1,1,1
2190,1,1,1,1,3,3,3,3,4,4,4,4
2193,0,0,0,0,0,0,0,0,0,0,0,0
2196,0,0,0,0,0,0,0,0,0,0,0,0
2203,1,1,1,1,1,1,1,1,1,1,1,1
2204,4,4,4,1,1,1,1,1,1,1,1,5
2206,4,4,4,4,4,4,4,4,4,4,4,4
2210,1,1,1,1,1,1,1,1,1,5,5,5
2211,1,1,1,1,1,1,1,1,1,1,1,1
2212,1,1,1,1,1,1,1,1,1,1,1,1
2214,4,4,1,1,1,1,1,1,1,1,1,1
2215,1,1,1,1,1,1,1,1,1,1,1,5
2217,4,4,4,4,4,4,4,4,4,4,4,4
2221,4,4,4,4,4,4,4,4,4,4,4,4
2224,1,1,1,1,1,1,1,1,1,1,1,1
2225,1,1,1,1,1,1,1,1,1,1,1,1
2230,1,1,1,1,1,1,3,3,3,3,3,3
2232,1,1,1,1,1,1,1,1,1,1,1,1
2234,1,1,1,1,1,4,4,1,1,1,1,1
2235,1,1,1,1,1,1,1,1,1,1,1,1
2237,1,1,1,1,1,1,1,1,1,1,1,1
2240,4,4,4,4,4,4,4,4,1,1,4,4
2243,1,1,1,1,1,1,1,1,1,1,1,5
2246,3,3,3,3,3,3,3,3,3,3,4,4
2247,3,3,3,4,4,4,4,4,4,4,4,4
2249,4,3,3,3,5,5,5,5,5,5,5,5
2250,4,4,4,4,4,4,4,4,4,4,4,4
2251,4,3,4,4,4,4,4,4,4,4,4,4
2253,4,0,0,0,0,0,0,0,0,0,0,0
2254,4,4,4,4,4,4,4,4,4,4,4,4
2257,4,4,4,4,4,4,4,4,4,4,3,4
2260,4,4,4,4,4,4,4,4,4,4,4,4
2262,4,4,4,4,4,4,4,4,4,4,4,4
2265,4,4,4,4,4,4,4,4,4,4,4,4
2267,4,4,4,4,4,4,4,4,4,4,4,4
2268,4,4,4,3,3,3,3,4,4,4,4,4
2270,1,1,1,1,1,1,1,1,1,1,1,1
2271,1,1,1,1,1,1,1,5,5,5,5,5
2272,3,3,3,3,3,3,3,3,3,3,3,4
2274,1,1,1,1,1,4,4,1,1,1,1,1
2275,1,1,1,1,1,1,1,1,1,1,1,1
2278,1,1,1,1,1,1,1,1,1,1,1,5
2281,4,4,4,4,4,4,4,4,4,4,4,4
2285,1,1,1,1,1,1,1,1,1,1,1,1
2287,1,1,1,1,1,1,1,1,1,4,4,4
2289,1,1,1,1,1,1,1,1,1,4,4,4
2290,1,1,1,1,1,1,1,1,1,1,1,1
2294,1,1,1,1,4,4,4,4,1,1,1,5
2299,1,1,1,1,1,1,4,4,4,4,4,4
2301,1,1,1,1,1,1,1,1,1,4,4,4
2308,0,0,0,0,0,0,4,4,4,4,4,4
2311,0,0,0,0,0,0,0,0,0,0,0,0
2313,1,1,1,1,1,1,1,1,1,1,4,4
2315,4,4,4,4,4,4,4,4,4,4,4,4
2317,4,4,4,4,1,1,1,1,1,1,1,1
2319,4,4,4,4,4,4,4,4,4,4,4,4
2333,1,1,1,1,1,1,1,1,1,1,1,1
2339,1,1,1,1,1,1,1,1,1,1,1,1
2340,3,1,1,4,4,4,4,4,4,4,4,4
2342,3,4,4,4,4,4,4,4,4,4,4,4
2347,0,0,0,0,0,0,0,0,0,0,0,0
2348,4,4,4,4,4,4,4,4,4,4,4,4
2355,3,1,4,4,4,4,4,4,4,4,4,4
2359,4,4,4,4,4,4,4,4,4,4,4,4
2360,4,4,4,4,4,3,3,3,4,4,4,4
2362,4,4,4,4,4,4,4,4,4,4,4,4
2368,1,1,1,1,1,1,1,1,1,1,5,5
2369,1,1,1,1,1,1,1,1,1,1,1,1
2374,4,4,4,4,4,4,4,4,4,4,4,4
2375,1,1,1,1,1,1,1,1,1,1,1,1
2383,4,4,4,4,1,4,4,4,4,4,4,4
2394,4,4,4,4,4,4,4,4,4,4,4,4
2395,4,3,3,4,1,1,1,1,1,4,4,4
2396,4,4,4,4,4,4,4,4,4,4,4,4
2398,4,4,4,4,4,4,4,4,4,4,4,4
2399,4,4,4,3,3,1,1,4,4,0,1,5
2400,1,1,1,1,1,1,1,1,1,1,1,1
2402,4,4,4,4,4,4,4,4,4,4,4,4
2404,4,4,4,4,4,4,4,4,4,4,4,4
2405,4,4,4,4,4,4,4,4,4,4,4,4
2407,3,3,3,4,4,4,4,3,3,4,4,4
2408,1,1,1,1,1,1,1,1,1,1,1,1
2410,1,1,1,1,1,1,1,1,1,5,5,5
2411,1,1,1,1,1,1,1,1,1,1,1,1
2412,3,3,3,3,3,3,3,3,3,3,3,3
2414,3,3,3,4,4,4,4,4,4,4,4,4
2416,4,4,4,4,4,4,4,4,4,4,4,4
2418,1,4,4,4,1,1,1,1,4,4,4,4
2420,4,4,4,4,4,4,4,4,4,4,4,4
2424,1,1,1,1,1,1,1,1,1,1,1,5
2426,4,4,4,4,4,4,4,4,4,4,4,4
2430,4,4,4,4,4,4,4,4,4,4,4,4
2433,4,4,4,4,4,1,1,1,1,1,4,4
2434,4,4,4,4,4,4,4,4,4,4,4,4
2435,3,1,1,1,4,4,4,4,1,1,1,1
2436,1,1,1,1,1,1,1,1,1,1,1,1
2437,1,1,1,1,1,1,1,1,1,1,1,5
2441,4,3,3,3,3,3,3,3,3,4,4,4
2442,1,1,1,1,1,1,1,1,1,1,1,1
2444,1,1,1,1,1,1,1,1,1,1,1,1
2447,0,0,0,0,0,0,1,1,1,1,1,5
2448,4,4,4,4,4,4,4,4,4,4,4,4
2450,4,4,4,4,4,4,4,4,4,4,4,4
2454,1,1,1,1,1,1,1,1,1,1,1,1
2458,4,4,4,4,4,4,4,4,4,4,4,4
2459,3,4,4,4,4,4,4,4,4,4,4,4
2462,4,4,4,4,4,4,4,4,4,4,4,4
2471,1,1,1,1,1,1,1,1,1,5,5,5
2474,4,4,4,4,4,4,4,4,4,4,4,4
2478,1,1,1,1,1,4,4,4,4,4,4,4
2480,3,4,4,4,4,4,4,4,4,4,4,4
2482,4,4,4,4,4,4,4,4,4,4,4,4
2483,1,1,1,1,1,1,1,1,4,4,4,4
2484,3,4,4,4,4,4,4,4,4,4,4,4
2485,4,4,4,4,4,4,4,4,4,4,4,4
2488,4,4,4,4,4,4,4,4,4,4,4,4
2492,3,3,3,3,3,3,3,3,3,3,3,3
2496,4,4,4,4,4,4,4,4,4,4,4,4
2499,1,1,0,4,4,4,4,4,4,4,4,4
2501,3,3,3,3,3,3,3,3,3,3,3,4
2505,4,4,4,4,4,4,4,4,4,4,4,4
2507,4,4,4,1,1,1,1,1,1,1,4,4
2510,1,1,1,1,1,1,1,1,1,1,1,5
2514,3,3,4,4,4,4,4,4,4,4,4,4
2515,1,1,1,1,1,1,1,1,1,1,1,4
2521,1,1,1,1,1,1,1,1,1,1,4,4
2523,4,4,4,4,4,4,4,4,4,4,4,4
2525,4,4,4,4,4,4,4,4,4,4,4,4
2528,0,0,0,0,0,0,0,0,0,0,0,0
2529,3,3,3,4,4,3,3,3,3,4,4,4
2530,1,4,1,1,1,4,4,4,4,4,4,4
2533,1,1,1,1,1,1,1,1,1,1,1,1
2536,4,4,4,4,4,4,4,4,4,4,4,4
2538,1,1,1,1,1,1,1,1,1,1,1,4
2542,1,1,1,1,1,1,1,1,1,1,1,5
2544,1,1,1,1,1,1,1,1,1,1,1,1
2549,1,1,1,1,1,1,1,1,1,1,1,1
2551,1,1,1,1,1,1,1,1,1,1,1,5
2552,1,1,1,1,1,1,1,1,1,1,1,5
2558,3,3,3,3,3,3,3,3,3,3,3,5
2559,3,3,3,3,4,4,4,4,4,4,4,4
2564,4,3,3,3,4,4,4,4,4,4,4,4
2565,2,2,2,2,2,2,2,2,2,2,2,5
2566,1,1,1,1,1,1,1,1,1,1,1,4
2567,1,1,1,1,1,1,1,1,1,1,1,5
2569,1,1,1,1,1,1,1,4,4,4,4,3
2570,3,3,3,3,4,4,4,4,4,4,4,4
2573,3,3,3,3,1,1,1,1,1,1,1,1
2577,1,1,1,1,1,1,1,1,1,1,1,1
2580,3,3,3,3,3,3,3,3,3,3,4,4
2588,1,1,1,1,1,1,1,1,1,1,1,4
2591,1,1,1,1,1,1,1,1,5,5,5,5
2592,4,4,4,4,4,4,4,4,4,4,4,3
2596,4,4,4,4,4,4,4,4,4,4,4,4
2599,4,4,4,4,4,4,4,4,4,4,4,4
2605,1,1,1,1,3,3,3,3,3,3,5,5
2606,1,1,1,1,1,1,1,1,1,1,1,1
2607,1,1,1,1,1,1,1,1,1,1,1,1
2615,1,1,1,1,1,1,1,1,4,4,4,4
2623,1,1,4,4,4,4,4,4,4,4,4,4
2626,1,1,1,1,1,1,1,1,4,1,1,1
2629,4,4,4,4,4,4,4,4,4,4,4,4
2635,1,1,1,1,1,1,1,1,1,1,1,5
2638,1,1,1,1,1,1,1,1,1,1,1,1
2640,4,4,4,4,4,4,4,4,4,4,4,4
2645,4,4,4,4,1,1,4,4,4,4,4,4
2646,1,1,1,1,1,1,1,1,1,1,1,1
2651,4,4,4,4,4,4,4,4,4,4,4,4
2652,1,1,1,1,1,1,1,4,4,4,4,4
2654,3,3,3,3,3,3,3,3,3,3,3,3
2655,4,4,4,4,4,4,4,4,4,4,4,4
2659,4,4,1,1,4,4,4,4,4,4,4,4
2662,1,1,1,1,4,1,4,4,4,1,4,4
2663,4,4,4,4,4,4,4,4,4,4,4,4
2664,4,4,4,4,4,4,4,4,4,4,4,4
2669,3,3,3,3,3,3,3,3,4,4,4,4
2670,1,1,1,4,4,4,4,4,4,4,4,4
2672,4,4,1,1,1,1,1,1,1,1,1,4
2675,1,1,1,4,4,4,4,4,4,4,4,4
2677,4,4,1,1,4,4,4,4,4,4,4,4
2679,3,3,4,3,3,4,4,4,4,4,4,4
2680,1,1,1,1,1,4,1,1,1,1,1,1
2681,4,4,4,4,4,4,4,4,4,4,4,4
2683,4,4,0,0,0,0,0,4,4,4,4,3
2689,1,1,1,1,1,1,1,1,1,1,1,1
2690,3,1,1,1,4,4,4,4,3,3,3,4
2691,1,1,1,1,1,1,1,1,1,1,1,5
2692,0,1,1,1,1,1,1,1,4,4,4,4
2698,4,4,4,4,4,4,4,4,4,4,4,4
2699,4,4,4,4,4,4,4,4,4,4,4,4
2700,3,3,3,3,3,3,3,4,4,4,4,4
2704,1,1,1,1,1,1,1,1,1,2,2,2
2705,4,4,4,4,4,4,4,4,4,4,4,4
2706,1,1,1,1,1,1,1,1,1,1,1,1
2709,1,1,1,1,1,1,1,1,1,1,1,5
2710,3,3,3,3,3,3,3,4,4,4,4,4
2712,1,1,1,1,1,1,1,1,1,1,1,1
2720,4,4,4,4,4,4,4,4,4,4,4,4
2722,4,4,4,4,4,4,4,4,4,4,4,4
2723,1,1,1,1,1,3,3,3,3,3,3,3
2729,4,4,4,4,4,4,4,4,4,4,4,4
2731,1,1,1,3,3,3,3,3,3,3,3,3
2735,1,1,1,1,1,1,1,1,1,1,1,1
2736,4,4,4,4,4,4,4,4,4,3,3,3
2737,4,4,4,4,4,4,4,4,4,4,4,4
2739,1,1,1,1,1,1,1,1,1,1,1,1
2740,1,1,1,1,1,1,1,1,1,1,1,5
2742,0,0,0,0,0,0,0,0,0,0,0,0
2743,4,4,4,4,4,4,4,4,4,4,4,4
2744,3,3,4,4,4,4,4,4,4,4,4,4
2746,0,0,0,0,0,0,0,0,0,0,0,0
2748,1,1,1,1,1,1,1,1,1,1,5,5
2752,4,4,4,4,4,4,4,4,4,4,4,4
2753,1,1,1,1,1,4,4,4,4,4,4,4
2757,4,4,4,4,4,4,4,4,4,4,4,4
2758,4,4,4,4,4,4,4,4,4,4,4,4
2769,4,4,4,4,4,4,4,4,4,4,4,4
2770,4,4,4,4,1,1,1,1,1,1,5,5
2771,3,3,3,1,1,4,4,4,4,4,4,4
2775,1,1,1,1,1,1,1,1,1,4,4,4
2778,4,4,4,4,4,4,4,4,4,4,4,4
2781,4,4,4,4,4,4,4,4,4,4,4,4
2784,1,1,1,1,1,1,4,4,4,1,1,1
2785,3,4,4,4,4,4,4,4,4,4,4,4
2790,4,4,4,4,4,4,4,4,4,4,4,4
2792,4,4,4,4,4,4,4,4,4,4,4,4
2795,4,4,4,4,4,4,4,4,4,4,4,4
2804,1,1,1,1,1,1,1,1,1,1,1,1
2808,4,4,4,4,4,4,4,4,4,4,4,4
2809,4,3,3,3,3,3,3,4,4,4,4,4
2814,1,1,1,1,1,1,1,1,1,1,1,1
2817,4,4,4,4,4,4,4,4,4,4,4,4
2818,3,3,3,3,3,3,3,4,4,4,4,4
2819,4,4,1,1,1,4,4,4,4,4,4,4
2823,1,1,1,1,1,1,1,1,1,1,5,5
2828,4,0,0,4,4,4,4,4,4,4,4,4
2829,3,3,3,3,1,1,1,1,1,1,1,1
2834,0,0,3,3,3,3,3,5,5,5,5,5
2841,1,1,1,1,1,1,1,1,1,1,1,5
2855,1,1,1,1,1,1,3,3,4,4,4,4
2877,1,1,1,1,1,1,3,3,3,3,3,3
2878,4,4,4,4,4,4,4,4,4,4,4,4
2879,1,1,1,1,1,1,1,1,1,1,4,4
2880,1,1,1,1,1,1,1,1,1,1,1,5
2883,1,1,1,1,1,1,1,1,1,1,1,1
2885,1,1,1,1,4,4,1,4,4,4,4,4
2886,4,4,4,4,4,4,4,4,4,4,4,4
2892,4,3,3,3,3,1,1,1,4,4,4,4
2900,1,1,1,1,1,1,1,1,1,1,1,1
2902,1,1,1,1,1,1,1,1,1,1,1,1
2908,4,4,4,4,4,4,4,4,4,4,4,4
2909,1,1,1,1,1,1,1,1,1,1,1,3
2911,4,4,3,4,4,4,4,4,3,4,4,4
2918,1,1,1,1,1,1,1,1,1,1,1,4
2928,4,4,4,4,4,4,4,4,4,4,4,4
2930,1,1,3,3,3,3,3,3,3,3,3,3
2934,4,4,4,4,4,4,4,4,4,4,4,4
2936,1,1,1,1,1,1,1,3,3,3,3,5
2938,1,1,1,1,1,1,1,1,3,3,5,5
2946,1,1,1,1,1,1,1,1,1,1,1,1
2948,1,1,1,1,1,1,1,1,1,1,4,4
2949,1,1,1,1,4,1,1,1,1,1,3,3
2952,1,1,1,1,1,1,1,1,1,1,1,1
2961,1,1,1,1,1,1,1,1,1,1,1,1
2964,1,1,1,1,1,1,1,1,1,1,1,1
2969,4,4,4,4,4,4,4,4,4,4,4,4
2970,2,3,3,3,3,3,3,3,3,3,4,4
2978,1,1,1,1,1,1,1,1,1,1,1,1
2979,3,3,3,3,4,4,4,4,4,4,4,4
2983,1,1,1,1,1,1,1,1,1,1,4,4
2990,1,1,1,1,1,1,1,1,1,1,1,1
2993,4,1,1,1,1,4,4,4,4,4,4,4
2995,1,1,1,1,1,1,1,1,1,1,1,1
3004,4,4,4,4,4,4,4,4,4,4,4,4
3010,1,1,1,1,1,1,1,1,4,4,4,4
3011,3,3,3,3,3,3,3,3,3,3,3,3
3012,1,1,1,1,1,1,1,1,1,1,1,1
3013,3,3,3,3,3,3,3,3,3,3,3,5
3014,4,4,4,4,4,4,4,4,4,4,4,4
3020,1,1,1,1,1,1,4,4,4,4,4,4
3021,0,0,0,0,0,0,0,0,0,0,0,0
3023,3,3,3,3,3,3,3,3,3,3,4,4
3025,1,1,1,1,1,1,1,1,1,1,4,4
3027,4,4,4,4,4,4,4,4,4,4,4,4
3035,4,3,3,3,3,4,4,4,4,4,4,4
3036,0,0,0,1,1,1,1,1,1,1,1,4
3041,0,0,0,0,0,0,0,0,0,0,0,0
3042,1,1,1,1,1,1,1,1,1,1,1,1
3043,1,4,4,4,4,4,4,4,4,4,4,4
3045,4,4,4,4,4,4,4,4,4,4,4,4
3046,4,4,4,4,4,4,4,4,4,4,4,4
3047,4,4,4,4,4,4,4,4,4,4,4,4
3051,0,0,4,4,4,4,4,4,4,4,4,4
3054,1,1,1,1,1,1,1,1,1,1,4,4
3057,4,4,4,4,4,4,4,4,4,4,4,4
3058,4,4,4,4,4,4,4,4,4,4,4,4
3061,1,1,4,4,4,1,1,1,1,1,1,1
3068,4,4,4,4,4,4,4,4,4,4,4,4
3069,1,1,4,4,4,4,4,4,4,4,4,4
3073,4,4,4,4,4,4,4,4,4,4,4,4
3075,1,1,1,1,1,1,1,1,5,5,5,5
3079,3,3,3,3,3,3,3,3,3,4,4,4
3080,1,1,1,1,1,1,1,1,1,1,1,1
3081,1,1,1,1,1,1,1,1,1,1,1,5
3093,1,1,1,1,1,1,1,4,4,4,4,4
3095,4,4,4,4,4,4,4,4,4,4,4,4
3096,4,4,4,1,1,1,1,1,1,1,4,4
3098,1,1,1,1,1,1,4,4,1,1,1,1
3099,1,1,1,1,1,1,1,1,3,3,3,3
3101,3,3,3,3,3,4,4,4,4,4,4,4
3105,3,3,3,3,3,3,3,1,1,1,4,4
3107,1,1,1,1,4,1,1,1,1,1,4,4
3108,1,1,1,1,1,1,1,1,1,1,1,1
3111,1,1,1,1,1,1,1,1,1,1,1,1
3113,3,3,3,3,3,3,3,3,3,3,3,5
3118,1,1,1,1,1,1,1,1,1,1,1,1
3120,1,1,1,1,4,3,3,3,3,3,3,4
3121,1,1,1,1,1,1,1,3,3,3,3,5
3122,1,1,1,1,1,1,1,1,1,1,1,4
3129,3,3,3,3,4,4,4,4,4,4,4,4
3145,1,1,1,1,1,1,1,1,1,1,1,1
3150,1,1,1,1,1,1,1,1,1,1,1,1
3151,1,1,1,1,1,1,1,1,1,1,4,4
3154,1,3,3,3,3,3,3,3,3,3,3,5
3155,3,3,3,3,3,3,3,3,4,4,4,4
3156,1,4,3,3,3,3,3,3,3,3,3,5
3162,3,3,3,3,3,3,3,3,3,3,4,4
3163,1,1,1,1,4,4,4,4,4,4,4,4
3164,4,1,4,3,4,4,4,4,4,4,4,4
3165,3,3,3,3,3,3,4,1,3,3,4,4
3178,4,4,4,1,1,1,1,1,1,1,1,1
3179,4,4,4,4,4,4,4,4,4,4,4,4
3182,1,1,1,1,1,1,1,1,1,1,1,4
3188,1,1,3,3,4,4,4,4,4,4,4,4
3190,3,3,3,3,4,4,4,4,4,4,4,4
3197,1,1,1,1,1,1,1,1,1,1,4,4
3198,3,4,4,3,3,3,3,3,3,0,0,4
3201,4,4,4,4,4,4,4,4,4,4,4,4
3204,1,1,1,1,1,1,1,1,1,1,1,1
3206,1,1,1,1,1,1,1,1,1,1,1,1
3221,1,1,1,1,1,1,1,1,1,1,1,1
3225,3,3,3,3,3,3,3,4,3,3,4,4
3237,1,1,1,1,1,1,1,1,1,5,5,5
3242,3,3,3,3,4,3,3,3,3,3,3,4
3243,1,1,1,1,1,1,1,1,1,1,1,1
3244,1,1,1,1,1,1,1,1,1,1,5,5
3248,1,1,1,1,1,1,1,1,1,1,5,5
3250,1,1,4,4,3,3,1,1,1,1,3,5
3252,1,1,4,1,1,1,1,4,4,4,4,4
3253,1,1,1,1,1,5,5,5,5,5,5,5
3254,1,1,1,1,1,1,1,1,1,1,4,1
3259,4,4,4,4,4,4,4,4,4,4,4,4
3260,4,4,4,4,4,4,4,4,4,4,4,4
3268,4,4,4,4,4,4,4,4,4,4,4,4
3269,1,1,1,1,1,1,1,1,5,5,5,5
3273,4,4,4,4,4,4,4,4,4,4,4,4
3278,1,1,1,1,1,1,1,1,1,1,1,1
3286,1,1,1,1,1,1,1,1,1,3,3,3
3287,1,4,4,1,1,3,3,1,1,1,1,4
3291,1,1,1,1,1,1,1,1,1,1,1,1
3293,1,1,1,1,1,1,1,1,1,1,1,1
3303,1,1,1,1,1,1,4,4,3,4,4,4
3304,1,1,1,1,1,1,1,1,1,1,1,1
3306,4,4,4,4,4,4,4,4,4,4,4,4
3309,1,1,1,1,1,1,1,1,1,1,1,1
3312,1,1,1,1,1,1,3,3,3,4,4,4
3315,4,4,4,4,4,4,4,4,4,4,4,4
3316,0,0,0,0,0,0,0,0,0,0,0,0
3317,4,4,4,4,4,4,4,4,4,4,4,4
3321,4,4,4,4,4,4,4,4,4,4,4,4
3322,1,1,1,1,1,1,1,1,1,1,1,5
3325,3,0,1,1,1,4,4,4,4,4,0,4
3338,3,3,3,3,3,3,3,3,3,3,4,4
3342,1,1,1,1,1,1,4,4,4,4,4,4
3347,1,1,1,1,1,1,1,1,1,1,1,1
3348,4,4,4,4,4,4,4,4,4,4,4,4
3350,4,1,1,1,1,1,1,4,4,4,4,4
3352,1,1,1,1,1,1,1,1,1,1,1,1
3355,1,1,1,1,1,1,1,1,4,4,4,4
3358,4,4,4,4,4,4,4,4,4,4,4,4
3360,3,3,3,1,1,1,1,1,1,1,1,1
3362,3,3,1,1,3,3,3,3,4,4,4,4
3363,1,1,1,1,1,1,1,1,1,1,4,4
3365,4,4,1,1,1,1,1,1,1,4,4,4
3369,1,1,1,1,1,1,3,3,3,3,3,5
3370,1,1,1,1,1,1,1,1,3,3,3,3
3371,4,4,4,4,4,4,4,4,4,4,4,4
3387,1,1,1,1,1,1,4,4,4,4,4,4
3397,1,1,1,1,1,1,1,1,4,4,4,4
3407,1,1,1,1,1,1,1,1,1,1,4,4
3412,4,4,4,4,4,4,4,4,4,4,4,4
3413,1,1,1,1,1,1,1,1,1,4,4,4
3418,3,3,3,3,3,3,3,3,3,3,3,3
3421,1,1,1,1,1,1,1,1,1,1,1,1
3423,1,1,1,1,1,1,1,1,1,4,4,4
3424,1,1,1,1,1,1,1,1,1,1,1,5
3426,1,1,1,1,1,1,1,1,1,1,1,1
3428,1,1,1,1,1,1,1,1,1,1,1,1
3429,3,3,3,3,3,3,3,3,3,3,3,4
3430,1,1,1,1,1,1,1,1,1,1,4,4
3432,1,1,1,1,1,1,1,1,1,1,1,1
3433,1,1,1,1,1,1,1,1,1,1,1,1
3434,1,1,1,1,1,1,1,1,1,1,1,5
3435,4,4,4,4,4,4,4,4,4,4,4,4
3436,4,4,4,4,4,4,4,4,4,4,4,4
3438,4,4,4,4,4,4,1,1,1,1,4,4
3444,4,4,4,4,4,4,4,4,4,4,4,4
3445,0,0,0,0,0,0,0,1,1,1,1,1
3446,4,4,4,4,4,4,4,4,4,4,4,4
3447,4,4,4,4,4,4,4,4,4,4,4,4
3448,4,4,4,4,4,4,4,1,1,1,1,4
3451,4,4,4,4,4,4,3,3,3,3,3,3
3452,1,1,1,1,1,1,1,1,1,1,1,1
3454,1,1,1,1,1,1,4,4,4,4,4,4
3456,1,1,1,1,1,1,1,1,1,1,1,1
3457,3,3,3,3,3,3,3,3,3,3,3,3
3458,1,1,1,1,1,1,4,4,1,1,1,4
3459,1,1,1,1,1,1,1,1,1,1,1,1
3465,1,1,1,1,1,1,1,1,1,1,1,1
3467,1,1,1,1,1,1,1,1,1,1,1,4
3475,1,1,1,1,1,1,1,1,4,4,4,4
3476,1,1,4,4,4,4,4,4,4,4,4,4
3481,3,3,3,3,3,1,1,1,1,1,5,5
3486,1,1,1,1,1,1,1,1,1,1,5,5
3487,1,1,1,3,3,4,4,4,4,4,4,4
3491,1,1,1,1,1,1,1,1,1,1,1,1
3502,1,1,1,1,1,1,1,1,1,1,1,5
3506,1,1,1,1,1,1,1,1,1,1,1,5
3511,1,1,1,1,1,1,1,1,1,1,1,1
3514,1,1,1,1,1,1,1,1,1,1,1,5
3518,1,1,1,1,1,1,1,1,1,1,4,4
3519,4,4,4,4,4,4,4,4,4,4,4,4
3523,4,4,4,4,4,4,4,4,4,4,4,4
3524,1,1,1,1,1,1,1,1,1,1,1,1
3527,4,4,4,4,4,4,4,4,4,4,4,4
3531,3,3,1,1,2,2,2,2,2,2,2,2
3532,4,4,4,4,4,4,4,4,4,4,4,4
3537,1,1,1,1,1,1,1,1,1,1,1,5
3542,4,4,4,4,4,4,4,4,4,4,4,4
3543,4,4,4,4,4,4,4,4,4,4,4,4
3544,4,4,4,4,4,4,4,4,4,4,4,4
3545,3,3,3,3,3,3,3,3,3,3,3,5
3546,1,1,2,4,1,1,4,4,1,1,1,5
3547,1,1,1,1,1,1,1,1,1,1,5,5
3548,1,1,1,4,4,4,4,4,4,4,4,4
3549,3,1,1,3,1,1,3,3,3,3,3,3
3551,1,1,1,1,1,1,1,1,1,1,1,1
3552,1,1,1,1,1,1,1,1,1,1,1,1
3554,3,3,3,3,3,3,3,3,4,4,4,4
3555,1,1,4,4,4,4,3,3,3,3,3,4
3556,1,1,1,1,1,1,1,1,1,1,1,5
3557,1,4,1,1,1,1,1,1,1,1,1,5
3558,1,1,1,1,1,1,1,3,3,3,3,5
3560,4,4,4,4,4,4,4,4,4,4,4,4
3564,5,5,5,5,5,5,5,5,5,5,5,5
3565,1,1,1,1,1,1,1,1,1,1,1,5
3566,1,1,1,1,1,4,4,4,4,4,4,4
3568,1,1,1,1,1,1,1,1,1,1,1,1
3572,4,4,4,4,4,4,4,4,4,4,4,4
3573,1,1,1,1,1,1,1,1,1,1,1,1
3576,4,4,4,4,4,4,4,4,4,4,4,4
3584,1,1,1,1,4,4,4,4,4,4,4,4
3586,1,1,1,1,1,1,1,1,1,1,5,5
3594,1,1,1,1,4,4,4,4,4,4,4,4
3597,4,4,3,3,3,3,3,3,4,4,4,4
3601,3,4,3,3,3,3,3,3,3,3,3,3
3603,1,3,3,3,3,3,3,3,3,3,3,5
3605,1,1,1,1,1,1,1,1,1,1,1,1
3606,3,3,3,3,3,4,4,4,4,4,4,4
3609,4,4,4,4,4,3,3,3,3,3,3,3
3610,3,4,4,4,4,4,4,4,4,4,4,4
3611,1,1,1,1,1,1,1,1,5,5,5,5
3613,3,3,3,3,3,3,3,3,3,5,5,5
3614,4,4,4,4,4,4,4,4,4,3,3,5
3624,1,1,1,1,1,1,1,1,1,1,5,5
3626,3,3,3,3,3,3,3,3,3,3,3,3
3633,4,4,4,4,4,4,4,4,4,4,4,4
3635,1,0,0,0,0,3,3,3,4,4,4,4
3637,4,4,4,4,4,4,4,4,4,4,4,4
3641,1,1,1,1,1,1,1,1,1,1,1,1
3647,4,4,4,4,4,4,0,0,0,0,0,0
3648,4,4,4,4,4,4,4,4,4,4,4,4
3649,4,4,4,4,4,4,4,4,4,4,4,4
3650,1,1,1,1,1,1,1,1,1,1,1,1
3651,1,1,1,1,1,1,1,1,1,1,5,5
3652,4,4,4,4,4,4,4,4,4,4,4,4
3654,1,1,1,1,1,1,1,1,1,1,1,4
3655,1,1,1,1,4,4,1,4,4,4,4,4
3659,4,4,4,4,4,1,1,1,3,4,4,4
3661,1,1,1,1,1,1,1,1,1,1,1,5
3662,1,1,1,1,1,1,1,1,1,1,4,4
3667,1,1,1,4,4,1,1,1,1,1,5,5
3669,1,1,1,1,1,3,3,3,3,3,3,3
3674,3,3,3,3,3,3,3,3,3,3,3,4
3677,1,1,1,1,1,1,1,1,1,1,1,1
3679,3,3,3,3,3,3,3,3,3,3,3,3
3681,1,1,1,1,1,1,1,1,1,1,1,1
3687,1,1,1,1,1,1,1,1,1,1,1,5
3691,1,1,1,1,1,1,1,1,1,1,1,1
3692,1,1,1,1,1,4,4,4,4,4,4,4
3697,4,4,3,4,4,4,3,3,3,3,3,4
3698,1,1,1,1,1,1,1,1,1,1,1,1
3699,3,1,4,4,4,4,4,4,4,4,4,4
3703,4,4,4,4,4,4,4,4,4,4,4,4
3704,4,4,4,4,4,4,4,4,4,4,4,4
3705,0,0,0,0,0,0,0,0,0,0,0,0
3714,4,4,4,4,4,4,4,4,4,4,4,4
3715,1,1,1,1,1,1,1,1,1,1,1,1
3717,4,4,4,4,4,4,4,4,4,4,4,4
3718,3,3,3,4,4,4,4,3,3,3,3,4
3719,1,1,1,1,1,1,1,1,1,1,5,5
3720,1,1,1,1,1,1,1,1,1,1,1,1
3726,4,4,4,4,4,4,4,4,4,4,4,4
3728,1,1,1,1,1,1,1,1,1,1,1,5
3729,1,1,0,3,0,0,0,0,0,0,0,0
3734,1,1,1,1,1,1,1,1,1,1,1,5
3736,1,1,1,1,1,1,1,1,1,1,5,5
3738,3,3,3,4,4,3,3,3,3,4,4,4
3739,1,1,1,1,1,1,1,1,1,1,1,1
3740,1,1,1,1,1,1,1,1,1,1,1,5
3741,1,1,1,2,2,2,2,2,2,2,2,2
3744,1,1,1,3,3,3,3,3,3,3,5,5
3746,1,1,1,1,1,1,1,1,1,4,4,4
3752,4,1,1,4,4,4,4,4,4,4,4,4
3753,3,3,3,3,3,3,3,4,4,4,4,4
3756,3,4,4,4,4,4,4,4,4,4,4,4
3758,3,3,3,3,3,3,3,3,3,3,3,5
3759,4,4,4,4,4,4,4,4,4,4,4,4
3768,4,4,4,4,4,4,4,4,4,4,4,4
3769,0,0,0,0,0,0,0,0,0,0,0,0
3770,1,1,1,1,1,1,1,1,1,1,1,1
3771,1,1,1,1,1,1,1,1,1,1,1,1
3774,4,4,4,4,4,4,4,4,4,4,4,4
3779,0,0,0,0,0,0,0,0,0,0,0,0
3781,1,1,1,1,1,1,1,1,1,1,1,5
3783,4,4,1,1,1,1,1,1,5,5,5,5
3784,4,4,4,4,4,4,4,4,4,4,4,4
3786,1,1,1,1,1,1,1,1,5,5,5,5
3787,1,1,1,1,1,1,1,1,1,1,4,4
3790,1,1,1,1,1,1,1,1,1,1,1,1
3791,3,1,1,1,1,1,1,1,1,1,1,5
3793,1,1,1,1,1,1,1,1,1,1,1,1
3794,3,3,3,3,3,3,3,3,3,3,3,3
3797,1,1,1,1,1,3,3,3,3,3,3,3
3798,1,1,1,1,1,1,1,1,1,1,1,4
3799,1,1,1,1,4,4,4,4,4,4,4,4
3800,1,1,1,1,1,1,1,1,1,3,3,3
3802,3,3,4,1,1,1,1,3,1,3,3,5
3804,4,4,4,1,1,1,1,1,1,1,1,4
3806,1,1,1,1,1,1,1,1,1,1,1,1
3812,1,1,1,1,4,4,4,4,4,4,4,4
3813,3,1,1,1,1,1,4,4,4,4,4,4
3819,1,1,4,4,4,4,4,3,3,3,4,4
3821,1,1,1,1,1,4,4,4,4,4,4,4
3823,1,1,3,3,3,3,3,4,4,4,4,4
3824,3,4,4,4,4,4,4,4,4,4,4,4
3832,1,1,1,1,1,1,1,1,1,1,1,1
3836,1,1,1,1,1,1,1,1,1,1,1,1
3837,3,3,3,3,3,4,4,4,3,3,3,4
3839,1,1,1,1,1,1,1,1,1,1,1,1
3842,4,4,4,4,4,4,4,4,4,4,4,4
3849,1,1,1,1,1,1,1,1,1,1,1,1
3851,1,1,1,1,3,3,3,3,3,4,4,4
3853,3,3,3,3,3,3,3,3,3,4,4,4
3859,1,1,1,1,1,1,1,1,1,1,1,1
3877,1,1,1,1,1,1,1,1,4,4,4,4
3879,1,1,1,1,1,1,4,4,4,4,4,4
3889,1,1,1,1,1,1,1,1,1,1,1,4
3899,1,1,1,1,1,1,1,1,1,1,1,1
3906,1,1,1,1,1,1,1,1,1,5,5,5
3908,1,1,1,1,1,1,1,1,1,1,1,5
3914,3,3,1,1,1,1,1,4,4,4,4,4
3915,4,4,4,4,4,3,3,4,4,4,4,4
3919,1,1,1,1,1,1,1,1,1,1,1,5
3921,1,1,1,1,1,1,1,1,1,1,1,1
3922,4,4,4,1,1,4,4,3,3,4,4,4
3923,1,1,1,1,1,1,1,1,1,1,1,1
3927,0,0,0,0,0,0,0,0,0,0,0,0
3928,1,1,1,1,1,1,1,1,1,1,1,1
3929,4,4,4,4,4,4,4,4,4,4,4,4
3931,4,4,4,4,4,4,4,4,4,4,4,4
3934,4,4,4,4,4,4,4,4,4,4,4,4
3935,4,4,4,4,4,4,4,4,4,4,4,4
3936,1,1,1,1,1,1,1,1,1,1,1,4
3944,4,4,4,4,4,4,4,4,4,4,4,4
3945,4,1,1,1,1,1,1,1,1,4,4,4
3948,4,4,4,4,4,4,4,4,4,4,4,4
3952,3,3,3,3,3,3,3,3,3,3,3,4
3953,3,3,3,3,3,3,3,3,3,3,4,4
3960,3,3,3,3,3,3,1,1,1,4,4,4
3962,1,1,1,1,1,1,1,1,1,1,1,1
3964,1,1,1,1,1,1,1,1,1,1,1,4
3969,1,1,1,1,1,1,3,3,3,3,3,5
3970,4,4,4,4,4,4,4,4,4,4,4,4
3972,3,3,3,3,3,3,3,3,3,3,3,3
3975,4,4,4,4,4,4,4,4,4,4,4,4
3977,3,3,3,3,3,1,1,4,4,4,4,4
3978,3,3,3,3,3,3,3,3,3,3,5,5
3982,1,1,3,3,3,3,4,4,4,1,1,5
3986,0,1,1,4,4,4,4,4,4,4,4,4
3988,4,3,3,3,3,3,3,3,3,3,4,4
3991,1,1,1,1,1,1,1,4,4,4,4,4
3992,0,0,0,0,0,0,0,0,0,0,0,0
3993,4,4,4,4,4,4,4,4,4,4,4,4
3995,3,3,3,3,3,3,3,3,3,4,4,1
3996,1,1,1,1,3,3,3,4,4,4,4,4
3998,4,4,4,4,4,4,4,4,4,4,4,4
4001,1,1,1,1,1,1,1,1,1,1,1,1
4002,2,2,2,2,2,2,2,1,1,1,1,1
4003,4,4,4,4,4,4,4,4,4,4,4,4
4005,3,3,4,4,3,3,3,3,3,3,3,5
4007,1,1,1,1,1,1,1,1,4,4,4,4
4012,4,4,4,4,4,4,4,4,4,4,4,4
4015,3,3,3,3,3,3,3,3,3,3,5,5
4016,4,4,4,4,4,4,4,4,4,4,4,4
4019,4,4,4,3,3,1,1,1,1,1,1,4
4021,1,1,4,3,3,3,4,4,4,4,4,4
4023,1,1,1,1,1,1,1,1,1,1,1,1
4024,4,4,4,4,4,4,4,4,4,4,4,4
4028,4,4,4,4,4,4,4,4,4,4,4,4
4035,1,1,1,1,1,1,1,1,1,1,1,1
4037,4,1,1,1,1,1,1,1,1,1,1,5
4038,1,1,1,1,1,3,3,3,3,3,4,4
4041,0,0,0,1,1,1,1,3,3,4,4,4
4045,4,1,1,1,1,4,4,4,4,4,4,4
4049,4,4,3,3,3,4,4,4,4,4,4,4
4050,1,1,1,1,1,1,1,1,1,1,1,1
4051,1,1,1,1,1,1,1,1,1,1,5,5
4057,1,1,1,1,1,1,3,1,1,1,1,5
4060,4,1,1,1,1,5,5,5,5,5,5,5
4065,1,1,3,3,3,5,5,5,5,5,5,5
4066,3,3,3,3,3,3,3,3,3,3,3,0
4074,1,1,1,1,1,1,1,1,1,5,5,5
4077,3,3,4,1,1,1,1,1,1,4,4,4
4078,4,4,4,4,4,4,4,4,4,1,1,4
4079,1,1,1,1,1,1,1,1,1,1,1,1
4083,3,3,3,3,3,3,3,4,4,4,4,4
4084,1,1,1,1,1,1,1,1,1,1,1,4
4085,4,4,4,4,4,4,4,4,4,4,4,4
4089,4,4,4,4,1,1,1,4,4,4,4,4
4094,1,1,3,3,3,3,3,3,3,3,3,3
4095,1,1,1,1,1,1,1,1,1,1,5,5
4103,1,1,1,1,1,1,1,1,1,1,1,5
4105,0,0,0,0,0,0,0,0,0,0,0,0
4108,1,1,1,1,1,1,1,1,1,1,1,5
4109,4,4,4,4,4,4,4,4,4,4,4,4
4110,4,3,3,4,4,4,4,4,4,4,4,4
4112,4,4,4,4,4,4,4,4,4,4,4,4
4120,4,4,4,4,4,4,4,4,4,4,4,4
4121,4,4,4,4,4,4,4,4,4,4,4,4
4123,3,3,3,3,3,3,3,3,3,4,4,4
4132,1,1,1,1,1,1,1,1,1,5,5,5
4133,4,4,4,4,4,4,4,4,4,4,4,4
4136,0,0,0,0,0,0,0,0,0,0,0,0
4142,1,1,1,1,1,1,1,1,1,1,1,1
4145,1,1,1,1,3,3,3,3,3,3,3,5
4148,4,4,4,4,1,1,1,1,1,1,1,4
4149,4,4,4,4,4,4,4,4,4,4,4,4
4150,4,4,4,4,4,4,4,4,4,4,4,4
4151,4,4,4,4,4,4,4,4,4,4,4,4
4153,1,1,1,1,1,1,1,1,1,1,1,1
4154,3,4,4,4,4,4,4,4,4,4,4,4
4163,1,1,1,1,1,1,1,1,1,1,4,4
4167,4,4,4,4,4,4,4,4,4,4,4,4
4170,1,1,1,1,1,1,1,1,1,1,4,4
4175,4,4,4,4,4,4,4,4,4,4,4,4
4177,3,4,4,4,4,4,4,4,4,4,4,4
4178,4,4,4,4,4,4,4,4,4,4,4,4
4179,0,0,0,0,0,0,0,0,0,0,0,0
4180,3,3,3,3,4,4,4,4,4,4,4,4
4182,4,4,4,4,4,4,4,4,4,4,4,4
4184,1,1,1,1,1,1,1,1,1,1,1,5
4185,4,4,4,4,4,4,4,3,3,3,4,4
4186,1,1,1,1,1,1,1,1,1,1,1,1
4187,1,1,1,1,1,1,1,1,1,1,1,5
4190,3,3,3,4,4,4,4,4,4,4,4,4
4192,1,1,1,1,1,1,1,1,1,1,1,1
4194,1,1,1,1,1,1,1,1,4,4,4,4
4195,4,4,4,4,4,4,4,4,4,4,4,4
4197,4,4,4,4,4,4,4,4,4,4,4,4
4198,4,4,4,4,4,4,4,4,4,4,4,4
4199,4,4,4,4,4,4,4,4,4,4,4,4
4200,1,1,1,1,1,1,1,1,1,1,1,1
4206,4,1,1,1,4,4,4,4,4,4,4,4
4208,3,3,3,3,3,3,3,3,3,1,1,1
4210,0,0,0,0,0,0,0,0,0,0,0,0
4212,4,4,3,3,1,1,1,4,4,4,4,4
4214,1,1,1,1,1,1,1,1,1,1,1,1
4215,4,4,4,4,4,4,4,4,4,4,4,4
4218,1,1,1,3,3,3,3,3,3,3,3,3
4219,1,4,1,1,4,4,3,3,3,4,4,4
4220,1,1,1,1,1,1,1,1,1,4,4,4
4224,3,3,3,3,3,3,3,3,3,3,3,3
4227,1,1,1,1,1,1,1,1,1,1,1,1
4228,4,4,4,4,4,4,4,4,4,4,4,4
4231,3,3,1,1,4,4,4,4,4,4,4,4
4232,4,4,4,4,4,4,4,4,4,4,4,4
4236,1,1,1,1,1,1,1,1,1,1,1,1
4246,1,1,1,4,4,4,4,4,4,4,4,4
4249,4,4,4,4,4,4,4,4,4,4,4,4
4250,1,1,1,1,1,1,1,1,1,1,1,4
4252,1,1,1,1,1,1,1,1,1,1,1,4
4254,1,1,1,4,3,3,3,4,4,4,4,4
4256,1,1,1,1,4,1,1,1,1,1,1,1
4262,4,4,4,4,4,4,4,4,4,4,4,4
4265,4,4,4,4,4,4,4,4,4,4,4,4
4268,0,0,0,0,0,0,0,0,0,0,0,0
4270,4,4,4,4,4,4,4,4,4,4,4,4
4272,1,1,1,1,1,1,1,1,1,1,1,1
4274,4,4,4,4,4,4,4,4,4,4,4,4
4275,1,1,1,1,1,1,1,1,1,1,1,1
4277,4,4,4,4,4,4,4,4,4,4,4,4
4280,0,1,1,1,1,1,1,1,1,1,5,5
4281,4,4,4,4,4,4,4,4,4,4,4,4
4282,1,4,4,3,3,4,4,4,4,3,3,4
4286,4,4,4,4,4,4,4,4,4,4,4,4
4290,3,3,1,1,1,1,1,1,1,1,1,1
4291,1,3,3,3,3,3,5,5,5,5,5,5
4292,1,1,1,1,1,1,1,1,1,1,1,1
4294,1,1,1,1,1,1,1,1,1,1,1,1
4295,4,4,4,4,4,4,4,4,4,4,4,4
4296,1,1,1,1,1,1,1,1,1,1,1,1
4300,1,1,1,1,1,1,1,1,1,1,1,1
4304,1,1,1,1,1,1,1,1,1,1,1,1
4305,1,1,1,1,1,1,1,1,1,1,4,4
4306,1,1,1,1,1,1,1,1,1,1,1,1
4308,3,3,4,4,4,4,4,4,4,4,4,4
4310,3,4,4,4,4,4,4,4,4,4,4,4
4323,4,4,4,4,4,4,4,4,4,4,4,4
4325,0,0,0,0,1,1,4,4,4,4,4,4
4326,3,3,3,3,3,3,3,1,1,4,4,4
4337,1,1,1,1,1,1,1,1,1,1,1,5
4339,1,1,1,1,1,1,4,4,4,4,4,4
4341,1,1,1,1,1,1,1,1,1,1,1,1
4345,1,1,1,1,1,1,1,1,1,1,1,1
4346,4,4,4,4,4,4,4,4,4,4,4,4
4352,1,1,4,4,4,1,1,1,1,1,1,1
4354,4,4,4,4,4,4,4,4,4,4,4,4
4366,2,2,2,2,2,1,1,1,1,1,1,1
4367,1,1,1,1,4,4,4,4,4,4,4,4
4368,4,4,4,4,4,4,4,4,4,4,4,4
4371,3,3,3,3,3,3,3,3,3,3,3,3
4372,1,1,1,1,1,1,1,1,1,1,1,5
4373,1,1,1,1,1,1,1,1,1,1,1,1
4375,4,4,4,4,4,4,4,4,4,4,4,4
4376,1,1,1,1,1,1,1,1,1,1,1,5
4378,4,3,1,1,1,4,4,4,4,4,4,4
4379,3,3,1,1,4,4,4,4,4,4,4,4
4381,1,1,1,1,1,1,4,1,1,1,5,5
4383,1,1,1,1,4,4,4,4,4,4,4,4
4386,1,4,4,4,4,4,4,4,4,4,4,4
4391,4,4,4,4,4,4,4,4,4,4,4,4
4392,1,1,1,1,1,1,1,1,1,1,1,1
4396,1,1,1,4,4,4,4,4,4,4,4,4
4400,0,0,0,0,0,0,0,0,0,0,0,0
4404,1,4,4,4,4,4,4,4,4,4,4,4
4416,4,4,4,4,4,4,4,4,4,4,4,4
4417,1,1,1,1,4,4,4,4,4,4,4,4
4424,1,1,1,1,1,1,1,1,1,1,1,5
4428,1,1,1,1,1,1,1,1,1,1,1,1
4437,1,4,3,3,3,3,3,3,3,4,4,4
4438,4,4,4,4,4,4,4,4,4,4,4,4
4439,3,3,3,3,3,3,3,3,3,3,4,4
4445,1,1,1,1,1,1,1,1,1,1,4,4
4447,1,1,1,1,1,1,1,1,1,1,1,5
4450,0,0,0,0,0,0,0,0,0,0,0,0
4451,1,1,1,1,1,1,1,1,3,3,3,3
4455,1,1,1,1,1,1,1,1,1,1,1,5
4463,4,4,4,4,4,4,4,4,4,4,4,4
4464,1,1,1,1,1,1,1,1,1,1,1,1
4465,1,1,1,1,1,1,1,1,1,1,1,5
4469,1,1,1,4,1,1,5,5,5,5,5,5
4473,3,4,1,1,4,4,4,4,4,4,4,4
4474,3,3,3,3,3,4,4,4,4,4,4,4
4475,1,1,1,1,1,1,1,1,1,1,5,5
4476,0,0,0,0,0,0,0,0,0,0,5,1
4478,1,1,1,1,1,1,1,1,1,1,1,4
4479,3,3,3,3,3,3,3,3,3,3,3,5
4481,4,4,4,4,4,4,4,4,4,4,4,4
4482,4,4,4,4,4,4,4,4,4,4,4,4
4483,0,0,0,0,0,0,0,0,0,0,0,0
4485,1,1,1,1,1,1,1,1,1,1,1,1
4487,4,4,1,1,1,1,1,1,1,1,1,5
4490,4,4,4,4,4,4,4,4,4,4,4,4
4494,4,4,4,4,4,4,4,4,4,4,4,4
4495,1,1,1,1,1,1,1,1,1,1,1,5
4496,1,1,1,1,1,1,1,1,1,1,5,5
4499,3,3,3,3,4,4,4,4,4,4,4,4
4505,0,0,0,0,0,0,0,0,0,0,0,0
4506,3,3,3,3,4,4,4,4,4,4,4,4
4522,5,5,5,5,5,5,5,5,5,5,5,5
4523,4,4,4,4,4,4,4,4,4,4,4,4
4525,1,1,1,1,1,1,1,4,4,4,4,4
4528,1,1,1,1,1,1,1,1,1,1,1,5
4534,1,1,1,1,1,1,1,1,1,1,1,1
4536,1,3,4,3,4,4,4,4,4,4,4,4
4537,4,4,4,4,4,4,4,4,4,4,4,4
4538,0,0,0,0,0,0,0,1,1,1,1,1
4539,1,1,1,1,1,1,1,1,1,1,1,1
4541,4,4,4,4,4,4,4,4,4,4,4,4
4543,4,4,4,4,4,4,4,4,4,4,4,4
4544,4,4,4,4,4,4,4,4,4,4,4,4
4546,4,3,3,3,3,3,3,4,4,5,5,5
4551,3,3,3,3,3,3,3,3,3,3,3,5
4553,4,4,4,4,4,4,3,3,4,4,4,4
4557,4,4,4,4,4,4,4,4,4,4,4,4
4561,4,1,4,4,4,4,4,4,4,4,4,4
4570,1,1,1,1,1,1,1,1,1,1,1,4
4571,4,4,3,3,3,3,3,3,3,3,3,5
4578,4,4,4,4,4,4,4,4,4,4,4,4
4580,1,4,4,4,4,4,4,4,4,4,4,4
4581,4,4,4,4,4,4,4,4,4,4,4,4
4582,4,4,0,0,0,0,0,0,0,0,0,0
4584,1,1,1,1,1,1,1,1,1,1,4,4
4585,1,1,1,1,1,1,1,1,1,1,1,1
4588,4,4,4,4,4,4,4,4,4,4,4,4
4589,1,1,1,1,1,1,1,1,1,1,1,4
4590,1,1,1,1,1,1,3,3,3,3,3,3
4592,1,1,1,1,1,1,1,1,1,5,5,5
4593,1,1,1,1,1,1,1,1,1,1,1,5
4594,1,1,1,1,1,1,1,1,1,1,1,5
4600,4,3,3,3,3,3,3,3,3,3,3,3
4602,1,1,1,1,1,1,1,1,1,1,1,1
4614,3,3,3,3,4,4,4,4,4,4,4,4
4618,4,4,4,4,4,4,4,4,4,4,4,4
4622,4,4,4,3,4,4,4,4,4,4,3,3
4625,1,1,1,1,1,1,1,1,1,3,3,5
4631,3,3,3,4,4,4,1,4,4,4,4,4
4632,1,1,1,1,1,1,1,1,3,3,3,3
4637,4,3,4,4,4,4,4,4,4,4,4,4
4638,0,0,3,3,3,3,3,0,0,0,0,0
4641,4,4,4,4,4,4,4,4,4,4,4,4
4645,4,4,4,4,4,4,4,4,4,4,4,4
4650,1,1,1,1,1,1,1,1,1,1,3,3
4651,3,3,3,3,3,3,3,3,3,3,5,3
4653,4,4,4,4,4,4,4,4,4,4,4,4
4657,4,4,4,4,4,4,4,4,4,4,4,4
4663,1,4,4,4,3,3,3,3,3,3,3,3
4664,1,1,3,1,1,1,1,1,1,4,4,4
4670,1,1,1,1,4,1,1,1,4,4,4,4
4672,1,4,3,3,3,4,4,4,4,4,4,4
4675,1,1,1,1,1,1,1,1,1,1,1,1
4679,1,1,1,1,1,1,1,1,1,1,1,1
4683,1,1,1,1,1,1,1,1,1,1,1,1
4684,1,1,3,3,3,3,3,3,3,5,5,5
4689,4,4,4,4,4,4,4,4,4,4,4,4
4690,1,1,1,1,1,1,1,1,1,1,4,4
4692,1,1,1,1,1,1,1,1,1,1,1,1
4694,1,3,3,3,3,3,3,3,3,3,3,3
4700,1,1,1,1,1,1,1,1,1,1,1,1
4706,4,4,4,4,4,4,4,4,4,4,4,4
4708,1,1,1,1,1,1,1,4,1,1,1,1
4711,4,4,4,4,4,4,4,4,4,4,4,4
4713,1,1,1,1,1,1,1,1,1,1,5,5
4714,1,1,1,1,1,1,1,1,1,1,4,4
4717,3,3,3,3,4,4,4,4,4,4,4,4
4723,1,1,1,1,1,1,1,1,1,1,1,1
4724,4,4,4,4,4,4,4,4,4,4,4,4
4726,4,4,4,4,4,4,4,4,4,4,4,4
4730,4,4,4,4,4,4,4,4,4,4,4,4
4733,4,4,4,4,4,4,4,4,4,4,4,4
4734,1,1,4,4,4,4,1,1,1,5,5,5
4735,3,3,4,4,4,4,4,4,4,4,4,4
4744,4,4,4,4,4,4,4,4,4,4,4,4
4746,4,4,4,4,4,4,4,4,4,4,4,4
4749,4,4,4,4,4,4,4,4,4,4,4,4
4753,3,3,3,4,4,4,4,4,4,4,4,4
4757,1,1,1,1,1,1,1,1,1,1,1,1
4763,4,4,4,4,4,4,4,4,4,4,4,4
4766,1,1,1,1,1,1,1,1,1,4,5,5
4768,3,3,3,3,3,3,3,3,3,3,3,3
4769,3,3,3,4,4,0,1,1,1,4,4,4
4772,1,1,1,1,1,1,1,1,1,1,1,4
4774,1,1,1,1,1,4,4,4,1,1,5,5
4777,1,1,1,1,1,1,4,4,4,4,4,4
4780,0,0,0,0,0,0,0,0,1,1,1,1
4783,1,1,1,1,1,1,1,1,1,1,1,4
4784,3,3,3,3,3,3,3,3,3,3,3,3
4785,1,1,1,1,1,1,1,1,1,1,4,4
4787,1,1,1,1,1,1,1,1,1,1,5,5
4790,1,1,1,4,4,4,4,4,4,1,1,1
4792,1,1,1,1,1,1,1,1,4,4,4,4
4796,1,1,4,4,4,4,4,4,4,4,4,4
4801,4,4,4,4,4,4,4,4,4,4,4,4
4802,4,4,4,4,4,4,4,4,4,4,4,4
4803,3,3,3,3,3,3,3,3,3,3,3,5
4804,1,1,1,1,1,1,1,1,1,1,1,1
4809,4,4,4,4,4,4,4,4,4,4,4,4
4810,4,4,4,4,4,4,4,4,4,4,4,4
4815,1,1,1,1,1,1,1,1,1,1,1,1
4817,1,1,1,1,1,1,1,3,3,3,3,5
4819,1,1,1,1,1,1,1,1,1,1,1,1
4820,1,1,1,1,1,1,1,1,1,1,1,1
4821,1,1,1,1,1,1,1,1,1,1,1,1
4826,4,4,4,4,4,4,2,1,1,1,4,4
4837,1,1,4,4,4,4,4,4,4,4,4,4
4838,4,4,4,4,4,4,4,4,4,4,4,4
4839,3,3,3,3,3,3,4,4,5,5,5,5
4842,3,3,3,3,3,3,3,3,4,4,4,4
4848,4,4,3,3,3,4,4,4,4,4,4,4
4849,1,3,3,3,4,4,4,4,4,4,4,4
4852,1,1,1,1,1,1,1,1,1,1,1,1
4863,0,0,0,0,0,0,0,0,0,0,0,0
4864,4,4,4,1,1,1,1,1,1,1,1,5
4865,1,1,1,1,1,1,1,3,3,3,3,5
4867,3,3,3,3,3,3,3,3,1,3,4,4
4870,4,4,4,4,4,3,3,3,3,1,5,5
4871,1,1,1,1,1,1,1,1,1,1,1,1
4874,1,1,1,1,1,1,1,1,1,1,1,5
4876,3,3,3,3,3,3,3,3,3,3,3,4
4880,1,1,1,1,1,1,1,1,1,1,1,1
4882,1,1,1,1,1,1,1,1,1,1,1,1
4893,4,4,4,4,4,4,4,4,4,4,4,4
4899,1,1,4,1,3,1,1,1,1,1,1,5
4906,4,4,4,4,4,4,4,4,4,4,4,4
4910,1,1,1,1,1,1,1,1,1,1,1,4
4916,0,0,0,0,0,0,0,0,0,0,0,0
4919,1,1,1,1,1,1,1,1,1,1,1,1
4920,3,3,4,4,4,4,4,3,3,4,4,4
4922,1,1,1,1,1,1,1,1,1,1,1,5
4925,1,1,1,1,1,1,1,1,1,1,1,1
4927,1,1,1,1,1,1,1,1,1,1,1,1
4929,3,3,3,4,3,4,3,3,3,3,3,5
4930,1,1,4,1,1,1,1,1,1,1,1,5
4931,1,1,1,1,1,1,1,1,1,1,1,4
4933,1,1,1,1,1,1,1,1,1,1,4,4
4934,1,1,1,4,1,1,1,1,1,5,5,5
4938,4,4,4,4,4,4,4,4,4,4,4,4
4943,1,1,1,1,1,1,1,1,1,1,1,1
4947,0,4,4,4,4,4,4,4,4,4,4,4
4948,4,1,1,4,4,4,4,4,4,4,4,4
4950,4,4,4,4,4,4,4,4,4,4,4,4
4951,1,1,1,1,1,1,1,1,1,4,4,4
4952,1,1,1,1,1,1,1,1,1,1,1,1
4953,1,1,1,1,4,4,4,4,4,4,4,3
4954,1,1,1,1,1,1,1,1,1,1,1,1
4955,1,1,1,1,1,1,1,1,1,1,1,5
4956,1,1,1,1,1,1,1,1,1,1,1,1
4957,4,4,4,4,4,4,4,3,3,3,5,5
4958,1,1,1,1,4,4,4,4,4,4,4,4
4959,1,1,1,1,1,1,1,1,1,1,1,1
4962,4,4,4,1,1,1,1,1,1,1,1,4
4971,4,4,4,4,4,4,4,4,4,4,4,4
4972,1,1,1,1,1,1,1,1,1,1,1,5
4973,1,1,1,1,1,1,1,1,4,4,4,4
4974,0,0,0,0,0,0,0,0,0,0,2,2
4976,2,2,2,2,2,2,1,1,1,1,1,5
4978,4,4,4,4,4,4,4,4,4,4,4,4
4981,3,3,3,3,3,3,3,3,3,3,3,5
4984,1,1,1,1,1,1,1,1,1,1,1,1
4987,1,1,1,1,1,1,1,1,1,1,1,1
4989,1,1,1,3,3,3,3,3,3,3,3,3
4992,1,1,1,1,1,1,1,1,1,1,3,5
4997,1,1,1,1,1,1,1,1,1,1,1,4
4999,3,3,3,3,3,3,3,3,3,3,3,5
5001,1,1,1,1,1,1,3,3,3,3,3,3
5002,1,1,1,4,4,4,4,4,4,4,4,4
5014,4,4,4,4,4,4,4,4,4,4,4,4
5016,1,1,4,4,3,3,4,4,4,4,4,4
5019,4,4,4,4,1,1,1,1,1,1,1,1
5023,3,3,3,3,3,4,4,4,4,4,4,4
5026,1,1,1,1,1,1,1,1,1,1,1,1
5028,1,1,1,1,1,1,1,1,1,1,1,1
5032,1,1,1,1,1,1,1,1,1,1,1,1
5035,1,1,1,1,1,1,1,1,1,1,1,1
5037,1,1,1,1,1,1,1,1,1,1,1,1
5041,3,3,3,3,3,3,3,3,3,4,4,4
5044,4,4,4,4,4,4,4,4,4,4,4,4
5045,3,3,3,3,3,3,3,3,3,3,4,4
5049,4,4,4,0,3,3,4,4,4,4,4,4
5050,1,1,1,1,1,1,1,1,1,4,4,4
5059,1,1,1,1,4,4,4,4,4,4,4,4
5061,4,4,4,4,4,4,4,4,4,4,4,4
5063,1,1,1,1,1,1,1,1,1,1,4,4
5064,0,0,0,0,0,0,0,0,0,0,0,0
5065,1,1,1,1,1,1,1,1,1,1,1,1
5066,1,1,1,1,1,1,1,1,1,1,5,5
5069,4,4,4,4,4,4,4,4,4,4,4,4
5071,4,4,4,4,4,4,4,4,4,4,4,4
5074,3,3,3,3,3,3,0,0,0,0,0,0
5085,4,4,4,4,4,4,4,4,4,4,4,4
5088,1,1,1,1,1,1,1,4,4,4,4,4
5089,4,4,4,4,4,4,4,4,4,4,4,4
5090,4,1,1,1,1,1,1,1,1,1,1,4
5091,1,1,1,1,1,1,1,1,1,1,1,1
5096,4,4,4,4,4,4,4,4,4,4,4,4
5098,1,1,1,1,1,1,1,1,1,1,1,4
5099,4,4,4,4,4,4,1,1,1,1,1,1
5100,4,4,4,4,4,4,4,4,4,4,4,4
5103,1,1,1,1,1,1,1,4,4,4,4,4
5104,1,1,1,1,1,1,1,1,1,1,1,4
5105,4,4,4,4,4,4,4,4,4,4,4,4
5107,1,1,1,1,3,3,3,3,4,4,4,4
5108,3,3,3,1,1,1,4,4,4,1,1,1
5113,3,3,3,3,3,3,3,3,3,3,3,3
5115,1,1,1,1,1,1,1,1,1,1,1,5
5117,4,4,4,4,4,4,4,4,4,4,4,4
5119,1,1,1,1,1,1,1,1,1,1,4,4
5121,0,0,0,0,0,0,0,0,0,0,0,0
5123,3,3,3,3,3,3,3,3,3,5,5,5
5125,4,4,4,4,4,4,4,4,4,4,4,4
5127,1,1,1,4,4,4,4,4,4,4,4,4
5131,4,4,4,4,4,4,4,1,1,4,4,4
5134,3,3,3,3,1,1,1,1,1,1,1,5
5135,1,1,3,4,4,4,4,4,4,4,4,4
5143,3,3,3,3,3,3,3,1,1,1,1,1
5148,4,4,4,1,1,1,1,1,0,0,0,4
5151,1,1,4,4,4,4,4,4,4,4,4,4
5152,4,4,4,4,4,4,1,1,1,1,1,1
5162,1,1,1,1,1,1,1,1,1,1,1,1
5163,1,1,1,1,1,1,1,1,1,5,5,5
5176,1,1,1,1,1,1,1,1,1,1,1,5
5179,3,4,4,4,4,4,4,4,4,4,4,4
5180,4,4,4,4,4,4,4,4,4,4,4,4
5189,3,4,4,4,4,4,4,4,4,4,4,4
5195,1,1,1,1,1,1,4,4,4,4,4,4
5198,4,4,1,1,4,4,4,4,4,4,4,4
5199,1,1,1,1,1,1,4,4,4,4,4,4
5200,1,1,1,1,1,4,4,4,4,4,4,4
5208,3,3,3,3,3,3,3,3,3,3,3,5
5209,3,4,4,4,4,4,4,4,4,4,4,4
5212,1,1,1,4,4,4,4,4,4,4,4,4
5214,3,3,3,3,3,3,3,3,3,3,3,3
5216,4,4,4,3,4,4,4,4,4,4,4,4
5219,4,4,4,4,4,4,4,4,4,4,4,4
5224,3,3,3,3,3,3,3,1,1,1,1,4
5225,1,1,1,1,1,1,3,3,3,3,3,3
5231,4,4,4,4,4,4,4,4,4,4,4,4
5232,4,4,4,4,4,4,4,4,4,4,4,4
5233,4,4,4,4,4,4,4,4,4,4,4,4
5236,0,0,0,3,3,4,4,4,4,4,4,4
5246,1,1,1,1,1,1,1,1,1,1,1,1
5247,1,1,1,1,3,3,3,3,3,3,3,5
5255,4,4,4,4,4,4,4,4,4,4,4,4
5256,1,1,1,1,1,1,1,1,4,4,4,4
5258,1,1,1,1,1,1,1,1,1,1,1,5
5259,1,1,1,1,1,1,1,1,1,1,1,1
5261,4,4,4,4,4,4,4,4,4,4,4,4
5264,1,1,1,1,1,1,1,1,1,1,5,5
5265,1,1,1,1,1,1,1,1,1,1,1,1
5268,4,4,4,4,1,1,4,3,3,3,4,4
5271,4,4,4,4,4,4,4,4,4,4,4,4
5272,3,1,1,3,3,3,3,4,3,3,3,3
5273,1,1,1,4,1,1,1,1,4,4,4,4
5276,4,4,4,4,4,4,4,4,4,4,4,4
5277,1,1,1,1,1,1,1,3,3,3,3,3
5280,1,1,1,4,4,4,4,4,4,4,4,4
5283,4,4,4,4,1,1,3,3,3,4,4,4
5285,4,4,4,4,4,4,4,4,4,4,4,4
5286,4,4,4,4,4,4,4,4,4,4,4,4
5288,1,1,1,1,1,1,1,1,1,1,1,1
5289,1,1,1,1,1,1,1,1,1,1,1,1
5290,1,1,1,1,1,1,1,1,1,1,1,1
5294,0,0,0,0,0,0,0,0,0,0,0,0
5295,4,4,4,4,4,4,4,4,4,3,3,4
5298,3,3,3,3,3,3,3,3,3,3,3,3
5299,1,1,1,1,1,1,1,1,1,1,1,5
5301,4,4,4,4,4,4,4,4,4,4,4,4
5305,4,4,4,4,4,4,4,4,4,4,4,4
5308,4,4,4,4,4,4,4,4,4,4,4,4
5309,4,4,4,4,4,4,4,4,4,4,4,4
5310,1,3,3,3,3,3,3,3,3,3,3,3
5311,0,0,0,0,0,0,0,0,0,0,0,0
5314,1,1,1,1,4,1,1,1,1,1,1,4
5315,4,4,4,4,4,4,4,4,4,4,4,4
5317,1,1,1,1,1,4,4,4,4,4,4,4
5325,1,4,4,4,3,3,3,1,1,1,4,4
5326,1,1,1,1,1,1,1,1,1,1,1,5
5327,4,4,4,4,4,4,4,4,4,4,4,4
5328,1,1,1,1,1,1,1,1,1,1,1,5
5330,3,3,3,3,3,3,3,3,4,4,4,4
5332,4,4,4,4,4,4,4,4,4,4,4,4
5333,4,4,4,4,4,0,1,1,4,4,4,4
5338,4,4,4,3,4,4,4,4,4,4,4,4
5339,0,0,0,0,0,0,0,0,0,0,0,0
5341,1,1,1,1,1,1,1,1,1,1,1,5
5349,1,1,1,1,1,1,1,1,4,4,4,4
5360,4,4,4,4,4,4,4,4,4,4,4,4
5369,1,1,4,4,4,4,4,4,4,4,4,4
5370,3,3,3,3,3,3,3,3,3,3,3,5
5372,1,1,1,1,3,3,3,3,3,3,4,4
5373,1,1,1,1,1,1,4,4,4,4,4,4
5374,3,4,3,3,3,3,3,3,3,3,3,5
5376,4,4,4,4,4,4,4,4,4,4,4,4
5380,1,1,1,1,1,1,1,1,1,4,4,4
5381,3,3,3,3,3,3,3,3,3,3,4,4
5385,1,1,1,1,1,4,4,4,4,4,3,5
5387,1,1,4,4,3,3,3,3,3,3,3,3
5388,1,1,1,1,1,1,1,1,1,1,1,1
5389,1,1,1,1,1,1,1,1,1,1,1,1
5391,3,3,3,3,4,4,4,4,4,4,4,4
5397,3,3,3,3,3,3,3,3,3,3,3,3
5406,4,4,4,4,4,4,4,4,4,4,4,4
5408,3,3,3,3,4,4,4,4,4,4,4,4
5409,4,4,4,4,4,4,4,4,4,4,4,4
5421,1,1,1,1,1,1,1,4,4,4,4,4
5422,4,4,4,4,4,4,4,4,4,4,4,4
5424,4,4,4,4,4,4,4,4,4,4,4,4
5425,0,0,0,0,0,0,0,0,0,0,0,0
5427,1,1,1,1,1,1,1,1,1,1,1,5
5428,1,1,1,1,1,1,1,1,1,1,5,5
5434,4,4,4,3,3,3,4,4,4,4,4,4
5436,1,1,1,1,1,1,1,1,1,1,1,4
5442,4,4,4,4,1,1,1,1,1,1,1,1
5445,1,1,1,1,4,1,1,1,1,1,4,4
5452,4,4,4,4,4,4,4,4,4,4,4,4
5453,1,1,1,1,1,1,1,1,1,1,1,5
5454,4,4,4,4,4,4,4,4,4,4,4,4
5455,4,4,4,4,4,4,4,4,4,4,4,4
5458,0,0,0,0,0,0,0,0,0,0,0,0
5459,1,1,4,4,4,4,4,4,4,4,4,4
5460,4,4,4,4,4,4,4,4,4,4,4,4
5462,4,4,4,4,4,4,4,4,4,4,4,4
5464,4,4,4,4,4,4,4,4,4,4,4,4
5465,4,4,4,4,4,4,4,4,4,4,4,4
5467,4,4,4,4,4,4,4,4,4,4,4,4
5469,4,4,4,4,4,4,4,4,4,4,4,4
5472,4,4,4,4,4,4,4,4,4,4,4,4
5473,4,4,4,4,4,4,4,4,4,4,4,4
5476,4,4,4,4,4,4,4,4,4,4,4,4
5477,4,4,4,4,4,4,4,4,4,4,4,4
5478,1,1,1,1,1,4,1,1,1,1,5,5
5480,4,4,4,1,1,1,1,4,4,4,4,4
5483,1,1,1,1,4,4,4,4,4,4,4,4
5485,3,4,4,4,4,4,4,4,4,4,4,4
5486,4,4,4,4,4,4,4,4,4,4,4,4
5487,4,4,4,4,4,4,4,4,4,4,4,4
5488,4,4,4,4,4,4,4,4,4,4,4,4
5492,4,4,4,4,4,4,4,4,4,4,4,4
5498,1,1,1,1,1,4,4,1,1,1,5,5
5502,1,1,1,4,4,1,4,1,1,1,1,1
5508,4,4,4,4,1,1,1,1,1,1,4,5
5509,4,4,4,4,4,4,4,4,4,4,4,4
5511,1,1,1,1,1,1,1,1,1,3,3,4
5515,1,1,1,3,3,3,3,3,3,3,4,4
5518,1,1,1,1,4,1,1,1,1,1,1,5
5522,1,3,3,3,3,3,3,3,3,3,3,5
5523,4,4,4,4,4,4,4,4,4,4,4,4
5524,1,1,1,1,1,1,1,1,1,1,1,5
5526,1,1,1,1,1,1,1,1,1,1,1,5
5528,1,1,3,3,3,3,3,3,1,1,1,1
5530,2,2,2,1,1,1,1,4,4,4,4,4
5536,4,4,4,4,4,1,1,1,1,1,1,1
5537,1,4,4,4,4,4,4,4,4,4,4,4
5544,1,1,1,1,1,1,1,1,1,1,1,1
5546,1,1,1,1,1,1,1,1,1,1,1,1
5547,4,4,4,4,4,4,4,4,4,4,4,4
5548,4,4,4,4,4,4,4,4,4,4,4,4
5550,1,1,1,1,1,4,4,4,4,4,4,4
5551,1,1,1,1,1,1,1,1,1,1,1,1
5553,1,1,1,1,1,1,1,1,1,1,1,1
5555,0,0,0,0,0,0,0,0,0,0,0,0
5557,0,0,0,0,0,0,0,0,0,0,0,0
5560,4,4,4,4,4,4,4,4,4,4,4,4
5561,4,4,1,1,1,1,1,1,1,1,1,1
5565,1,1,1,4,4,4,4,4,4,4,4,4
5566,4,4,4,4,4,4,4,4,4,4,4,4
5568,1,1,1,1,1,1,1,3,3,3,3,3
5574,1,1,1,1,1,1,1,1,1,1,3,3
5576,1,1,1,1,1,1,1,1,1,1,1,1
5577,1,1,1,1,1,1,1,1,1,4,4,4
5581,1,1,1,1,1,4,4,4,4,4,4,4
5582,1,1,1,1,1,1,1,1,1,1,1,5
5583,4,4,4,4,4,4,4,4,4,4,4,4
5589,4,4,4,1,1,1,1,1,1,5,5,5
5593,3,3,3,3,3,3,3,3,3,3,3,3
5595,4,4,4,4,4,4,4,4,4,4,4,4
5596,1,1,1,1,1,1,1,3,3,3,4,4
5600,1,1,1,1,1,1,1,1,1,1,1,5
5605,1,1,1,1,1,1,1,1,1,1,1,4
5606,3,3,3,3,3,3,3,4,4,4,4,4
5609,1,1,1,1,1,1,1,1,1,1,1,1
5612,4,4,4,4,4,4,4,4,4,4,4,4
5614,3,3,3,3,3,3,3,3,1,1,4,4
5615,0,0,0,0,0,0,0,0,0,0,0,0
5619,4,4,4,4,4,4,4,1,1,1,5,5
5624,1,1,1,1,1,1,1,1,1,1,1,5
5626,4,4,3,3,3,3,3,3,3,3,3,5
5627,1,1,1,1,1,1,1,1,1,1,1,1
5631,0,0,0,0,0,4,4,4,4,4,4,4
5634,1,1,1,1,1,1,1,1,1,5,5,5
5640,4,4,4,4,4,4,4,4,4,4,4,4
5646,4,4,4,4,4,4,4,4,4,4,4,4
5647,3,3,3,3,3,3,3,3,5,5,5,5
5648,1,1,1,1,1,1,1,1,1,1,1,4
5652,1,1,1,1,1,1,1,1,1,1,1,1
5654,1,4,3,3,3,4,4,4,4,4,4,4
5656,4,4,4,4,4,4,4,1,1,4,4,4
5657,1,1,1,1,1,1,1,1,1,1,1,1
5661,1,1,1,1,1,1,1,1,1,1,4,4
5669,4,1,1,1,1,1,1,1,1,1,4,4
5674,4,4,4,4,4,4,3,3,4,4,4,4
5675,1,1,1,1,1,1,1,1,1,1,1,1
5681,4,4,4,4,4,4,4,4,4,4,4,4
5682,1,1,1,1,1,1,1,1,1,1,1,1
5684,4,4,4,4,4,4,4,4,4,4,4,4
5685,4,4,4,4,4,4,4,4,4,4,4,4
5686,3,1,1,1,1,1,4,1,1,1,1,1
5687,4,4,4,4,4,4,3,3,4,4,4,4
5689,0,0,0,0,0,0,0,0,0,0,0,0
5690,1,1,1,1,3,1,1,1,1,1,5,5
5695,4,4,4,4,4,4,4,1,1,1,4,4
5701,1,1,1,1,1,1,1,1,1,1,1,5
5702,1,4,4,4,3,3,3,3,3,4,4,4
5705,1,1,1,1,1,4,1,1,1,1,1,4
5706,1,1,4,4,4,4,4,4,4,4,4,4
5707,3,3,4,4,4,4,4,4,4,4,4,4
5708,1,1,1,1,1,1,1,1,1,1,1,1
5712,3,3,3,3,3,3,3,3,3,1,5,5
5713,1,1,4,4,4,4,4,4,4,4,4,4
5716,4,4,4,4,4,1,4,4,4,4,4,4
5718,4,3,3,3,3,3,3,3,3,5,5,5
5720,4,4,4,4,4,4,4,4,4,4,4,4
5724,4,4,4,4,4,4,4,4,4,4,4,4
5728,1,1,1,1,1,1,1,1,1,1,1,1
5729,4,4,4,3,3,3,3,4,4,4,4,4
5740,4,4,4,4,4,4,4,4,4,4,4,4
5741,1,1,1,1,1,1,1,1,1,5,5,5
5744,1,1,1,1,1,1,1,1,1,4,4,4
5746,4,4,4,4,4,4,4,4,3,3,3,5
5753,1,1,1,1,1,1,1,1,1,1,1,1
5756,4,4,4,4,4,4,4,4,4,4,4,4
5766,3,3,3,3,3,3,1,1,1,1,4,4
5767,1,1,1,1,1,1,1,1,1,1,1,1
5769,1,1,1,1,1,1,1,1,4,4,4,4
5770,1,1,1,1,4,4,4,4,4,4,4,4
5773,4,4,4,4,4,4,4,4,4,4,4,4
5774,1,1,1,4,4,4,4,4,4,4,4,4
5780,1,1,1,1,1,1,1,1,1,1,1,5
5781,4,4,4,4,4,4,4,4,4,4,4,4
5782,0,0,0,0,0,1,4,4,4,4,4,4
5790,1,4,4,4,4,4,4,4,4,4,4,4
5793,4,4,4,4,3,3,3,3,3,3,3,3
5796,4,4,4,4,4,4,4,4,4,4,4,4
5798,1,1,1,1,3,3,3,3,3,3,3,3
5799,4,4,1,3,3,3,3,3,3,3,4,4
5801,1,1,1,1,1,1,1,1,1,4,4,4
5802,1,1,4,4,4,4,4,4,4,4,4,4
5803,4,4,4,1,4,4,4,4,4,4,4,4
5805,4,4,4,4,4,4,4,4,4,4,4,4
5806,1,1,4,4,4,4,4,4,4,4,4,4
5809,1,1,1,1,1,1,1,1,1,1,4,4
5811,1,1,1,1,1,1,1,1,1,1,1,5
5813,4,4,4,4,4,4,4,4,4,4,4,4
5818,4,4,4,4,4,4,4,4,4,4,4,4
5819,4,4,4,4,4,4,4,4,4,4,4,4
5820,1,1,1,1,1,1,1,1,1,1,1,5
5821,1,1,1,1,1,3,3,3,3,3,3,3
5827,1,1,3,3,4,1,1,1,1,4,4,4
5829,3,4,4,4,4,4,4,4,4,4,4,4
5834,3,3,3,4,4,4,4,4,4,4,4,4
5835,1,4,4,4,1,1,1,1,1,1,1,5
5836,4,4,4,4,4,4,4,4,4,4,4,4
5839,1,1,1,1,1,1,1,1,1,1,1,5
5840,4,4,4,4,4,4,4,4,4,4,4,4
5841,4,4,4,4,4,4,4,4,4,4,4,4
5844,3,3,3,3,3,3,4,4,4,4,4,4
5849,0,0,0,0,0,0,0,0,0,0,0,0
5852,1,1,1,1,4,4,4,3,3,3,3,4
5853,3,3,3,3,3,3,3,3,3,3,3,3
5855,0,0,0,0,0,0,0,0,0,0,0,0
5861,1,1,1,1,1,4,4,4,4,4,4,4
5862,3,3,3,3,3,1,1,1,5,5,5,5
5868,4,4,4,4,4,4,4,4,4,4,4,4
5870,4,4,4,4,4,4,4,4,4,4,4,4
5873,4,4,4,4,4,4,4,4,4,4,4,4
5874,3,3,3,3,3,3,3,3,3,3,3,3
5880,4,4,4,4,4,4,4,4,4,4,4,4
5883,4,4,4,4,4,4,4,4,4,4,4,4
5887,1,1,1,1,1,1,1,1,1,1,1,5
5888,4,4,4,4,4,4,4,4,4,4,4,4
5889,0,0,0,0,0,0,0,0,0,0,0,0
5895,4,4,4,4,1,1,1,1,4,4,4,4
5897,1,1,1,1,1,1,1,1,1,1,1,5
5899,1,1,1,1,1,1,1,1,4,4,4,4
5906,4,4,4,4,4,4,4,4,4,4,4,4
5909,1,1,1,1,1,1,1,1,1,1,1,1
5911,1,1,1,1,1,1,1,1,1,1,1,4
5913,4,4,4,4,4,4,4,4,4,4,4,4
5914,1,0,0,0,0,1,1,1,1,1,1,1
5916,3,3,4,4,4,4,4,4,4,4,4,4
5919,0,0,0,0,0,0,0,0,0,0,0,0
5923,1,3,3,1,1,1,1,1,1,1,4,4
5926,4,4,4,4,4,4,4,4,4,4,4,4
5927,4,4,4,4,4,4,4,4,4,4,4,4
5932,4,4,4,4,4,4,4,4,4,4,4,4
5934,1,1,1,1,4,4,4,4,4,4,4,4
5936,1,1,3,4,4,3,3,3,3,3,4,4
5941,1,1,1,1,1,1,1,1,1,1,1,1
5947,0,0,0,0,0,0,0,0,0,0,4,4
5948,0,0,4,4,4,4,4,4,4,4,4,4
5951,4,4,4,4,4,4,4,4,4,4,4,4
5953,4,4,4,4,4,4,4,4,4,4,4,4
5957,0,0,0,0,0,4,4,4,3,3,4,4
5963,1,1,1,1,4,4,1,1,4,4,4,4
5965,4,4,4,4,4,4,4,4,4,4,4,4
5969,1,1,1,1,1,1,1,1,1,1,1,1
5973,4,4,1,4,4,4,4,4,4,4,4,4
5976,4,4,4,4,4,4,4,4,4,4,4,4
5977,1,1,1,1,1,1,1,1,1,1,1,1
5978,4,4,4,4,4,4,4,4,4,4,4,4
5980,4,4,4,4,4,4,4,4,4,4,4,4
5983,3,3,3,3,3,4,4,4,4,4,4,4
5985,1,1,1,1,1,1,1,1,1,1,1,1
5986,1,1,1,1,1,1,1,1,1,1,4,4
5991,4,4,4,4,4,4,4,4,4,4,4,4
5998,4,4,4,4,4,4,4,4,4,4,4,4
5999,4,4,4,4,4,4,4,4,0,0,0,0
6002,4,4,4,4,4,4,4,4,4,4,4,4
6003,3,3,3,3,3,3,3,4,4,4,4,4
6004,4,4,4,4,4,4,4,4,4,4,4,4
6005,1,4,4,4,4,4,4,4,4,4,4,4
6007,4,4,4,4,4,4,4,4,4,4,4,4
6015,4,4,4,4,4,4,4,4,4,4,4,4
6019,4,4,4,4,4,4,4,4,4,4,4,4
6022,4,1,1,4,1,4,4,4,4,4,4,4
6023,4,4,4,4,4,4,4,4,4,4,4,4
6024,0,0,0,0,0,0,0,0,0,0,0,0
6028,1,1,1,1,1,1,1,1,1,1,1,1
6030,4,4,4,4,4,4,4,4,4,4,4,4
6031,4,1,4,4,4,1,4,4,4,4,4,4
6033,4,4,4,4,4,4,4,4,4,4,4,4
6036,4,4,4,4,4,4,4,4,4,4,4,4
6040,4,4,4,4,4,3,4,4,4,4,4,4
6043,1,1,1,1,1,1,1,1,1,1,1,1
6046,4,4,4,4,4,4,4,4,4,4,4,4
6047,0,0,0,0,0,0,0,0,0,0,0,0
6048,4,4,4,4,4,4,4,4,4,4,4,4
6049,3,3,3,3,3,3,3,3,3,3,5,5
6053,1,1,1,1,1,1,1,1,1,1,1,1
6061,3,3,3,3,3,3,3,3,3,3,3,3
6063,1,1,1,1,1,1,1,1,1,1,1,4
6066,4,4,4,4,4,4,4,4,4,4,4,4
6069,4,4,4,4,4,4,4,4,4,4,4,4
6072,1,1,1,1,4,4,4,4,4,4,4,4
6073,4,4,4,4,4,4,4,4,4,4,4,4
6074,1,1,1,1,1,1,1,1,1,1,1,1
6076,3,3,3,3,4,4,4,4,4,4,4,4
6078,0,0,0,0,0,0,0,0,0,0,0,0
6080,4,4,4,4,4,4,4,4,4,4,4,4
6082,1,1,1,1,1,1,1,1,1,1,5,5
6083,4,4,4,4,4,4,4,4,4,4,4,4
6084,3,3,3,3,4,4,4,4,4,4,4,4
6088,4,4,4,4,4,4,4,4,4,4,4,4
6091,4,4,4,4,4,4,4,4,4,4,4,4
6101,4,4,4,4,4,4,4,4,4,4,4,4
6102,4,4,4,1,1,1,1,3,4,4,4,4
6107,4,4,4,4,4,4,4,4,4,4,4,4
6114,1,1,1,1,1,1,1,1,1,1,1,4
6116,4,4,4,4,4,4,4,4,4,4,4,4
6118,0,0,1,1,1,1,1,1,1,1,1,1
6119,4,4,4,4,4,4,4,4,4,4,4,4
6129,4,4,4,4,4,4,4,3,3,3,3,5
6130,1,1,1,1,1,1,1,1,1,1,1,1
6132,1,1,1,1,1,1,1,1,1,1,1,1
6134,3,3,1,1,4,4,4,1,4,4,4,4
6150,4,4,4,4,4,4,4,4,4,4,4,4
6151,1,1,1,1,1,1,1,1,1,1,4,4
6154,1,1,1,1,1,1,1,1,1,1,1,1
6159,3,3,4,4,4,4,4,4,4,4,4,4
6160,1,1,1,1,1,1,1,1,1,1,1,1
6161,4,4,4,4,4,4,4,4,4,4,4,4
6163,1,1,1,1,1,1,1,4,4,4,4,4
6164,1,1,1,1,1,1,1,1,1,1,1,1
6168,3,4,4,4,4,4,4,4,4,4,4,4
6169,4,4,4,4,4,4,4,4,4,4,4,4
6174,4,4,4,4,4,4,4,4,4,4,4,4
6175,4,4,1,1,1,1,3,3,4,4,4,4
6177,0,0,0,0,0,0,0,0,0,0,0,0
6179,0,0,0,0,0,0,0,0,0,0,0,0
6181,4,4,4,4,4,4,4,4,4,4,4,4
6185,1,1,1,1,1,1,1,1,1,1,1,5
6195,3,3,3,4,4,4,4,4,4,4,4,4
6197,4,4,4,4,4,4,4,4,4,4,4,4
6202,3,3,3,3,3,3,3,3,3,3,3,3
6204,4,4,4,4,4,4,4,4,4,4,4,4
6205,1,1,1,1,1,1,1,1,1,1,1,1
6206,4,4,4,4,4,4,4,4,4,4,4,4
6209,4,4,4,4,4,4,4,4,4,4,4,4
6210,4,4,4,4,4,4,4,4,4,4,4,4
6215,1,1,1,1,1,1,1,1,1,1,1,1
6217,4,4,4,4,4,4,4,4,4,4,4,4
6219,1,1,1,4,4,1,1,1,1,1,1,1
6220,4,4,4,4,4,4,3,3,4,4,4,4
6221,4,4,4,4,4,4,4,4,4,4,4,4
6223,4,4,4,4,4,4,4,4,4,4,4,4
6225,0,0,0,4,4,4,4,4,4,4,4,4
6227,3,3,3,3,3,3,3,3,3,3,3,3
6231,4,4,4,4,4,4,4,4,4,4,4,4
6232,4,4,4,4,4,4,4,4,4,4,4,4
6233,4,4,4,4,4,4,4,4,4,4,4,4
6234,4,4,4,4,4,4,4,4,4,4,4,4
6235,0,0,0,0,0,0,0,0,0,0,0,0
6238,1,1,1,1,1,1,1,1,1,1,1,1
6239,1,1,1,1,1,1,1,1,1,1,1,1
6240,1,1,1,4,4,4,4,4,4,4,4,4
6243,4,1,4,4,4,1,4,4,4,4,4,4
6244,1,1,1,1,1,1,1,1,1,1,1,1
6255,0,0,1,1,1,1,1,1,1,1,1,1
6258,4,4,4,4,4,4,4,4,4,4,4,4
6259,4,4,4,4,4,4,4,4,4,4,4,4
6262,3,3,4,4,4,4,4,4,4,4,4,4
6263,4,4,4,4,4,4,4,4,4,4,4,4
6265,1,1,1,1,1,1,1,1,1,1,1,5
6268,0,0,0,0,0,0,0,0,0,0,0,0
6270,4,4,4,4,4,4,4,4,4,4,4,4
6273,4,4,4,4,4,4,4,4,4,4,4,4
6274,4,4,4,4,4,4,4,4,4,4,4,4
6275,4,4,4,4,4,4,4,4,4,4,4,4
6277,1,1,1,1,4,4,4,4,4,4,4,4
6278,1,1,3,3,3,3,3,3,3,3,4,4
6280,4,4,4,4,4,4,4,4,4,4,4,4
6282,0,0,0,4,4,4,4,4,4,4,4,4
6284,4,4,4,4,4,4,4,4,4,4,4,4
6286,1,1,1,1,1,1,1,1,1,1,1,1
6289,3,3,3,3,3,3,4,4,4,4,4,4
6290,3,3,3,3,3,3,3,3,3,3,3,3
6291,0,0,0,0,0,0,0,0,0,0,0,0
6293,4,4,4,4,4,4,4,4,4,3,3,3
6294,4,4,4,4,4,4,4,4,4,4,4,4
6295,4,4,4,4,4,4,4,4,4,4,4,4
6296,4,4,4,4,4,4,4,4,4,4,4,4
6297,4,4,4,4,4,4,4,4,4,4,4,4
6299,1,1,1,1,1,1,1,1,1,4,4,4
6308,4,4,4,4,4,4,4,4,4,4,4,4
6310,4,4,4,4,4,4,4,4,4,4,4,4
6312,4,4,4,4,4,4,4,4,4,4,4,4
6313,4,4,4,4,4,4,4,4,4,4,4,4
6315,4,4,4,4,4,4,4,4,4,4,4,4
6318,3,3,3,3,3,3,3,3,3,3,3,5
6320,4,4,4,4,4,4,4,4,4,4,4,4
6321,4,4,4,4,4,4,4,4,4,4,4,4
6322,4,4,4,4,4,3,3,3,4,4,4,4
6324,1,1,1,1,1,1,1,1,1,4,4,4
6327,4,4,4,4,4,4,4,4,4,4,4,4
6333,1,1,1,1,1,1,1,1,1,1,1,5
6334,1,1,1,1,1,1,1,1,1,1,1,5
6335,4,4,4,4,4,4,4,4,4,4,4,4
6336,4,4,4,4,4,4,4,4,4,4,4,4
6337,4,4,4,4,4,4,4,4,4,4,4,4
6338,0,0,1,1,1,1,1,1,1,1,1,1
6339,4,4,4,4,4,4,4,4,4,4,4,4
6342,4,4,4,4,4,4,4,4,4,4,4,4
6344,4,4,4,4,4,4,4,4,4,4,4,4
6345,4,4,4,4,4,4,4,4,4,4,4,4
6353,4,4,4,4,4,4,4,4,4,4,4,4
6356,4,4,4,4,4,4,4,4,4,4,4,4
6357,4,4,4,4,4,4,4,4,4,4,4,4
6358,4,4,4,4,4,4,4,4,4,4,4,4
6362,4,4,4,4,4,4,4,1,1,1,1,1
6363,4,4,4,4,4,4,4,4,4,4,4,4
6364,4,4,4,4,4,4,4,4,4,4,4,4
6365,4,4,4,4,4,4,4,4,4,4,4,4
6366,4,4,4,4,4,4,4,4,4,4,4,4
6367,1,1,1,1,1,1,1,1,1,1,1,1
6368,4,4,4,4,4,4,4,4,4,4,4,4
6369,0,0,0,0,0,0,0,0,0,0,0,0
6370,4,4,4,4,4,4,4,4,4,4,4,4
6371,4,4,4,4,4,4,4,4,4,4,4,4
6372,4,4,4,4,4,4,4,4,4,4,4,4
6374,4,4,4,4,4,4,4,4,4,4,4,4
6375,0,0,0,0,0,0,0,0,0,0,0,0
6377,1,1,1,1,1,1,1,1,1,1,1,1
6379,3,4,3,3,4,4,4,4,4,4,4,4
6380,4,4,4,4,4,4,4,4,4,4,4,4
6381,4,4,4,4,4,4,4,4,4,4,4,4
6382,4,4,4,4,4,4,4,4,4,4,4,4
6383,4,4,4,4,4,4,4,4,4,4,4,4
6384,3,3,3,3,3,3,3,3,3,3,4,4
6387,1,1,4,1,1,1,4,4,4,4,4,4
6389,4,4,4,4,4,4,4,4,4,4,4,4
6393,3,4,4,4,4,4,4,4,4,4,4,4
6394,4,4,4,4,4,4,4,4,4,4,4,4
6396,4,4,4,4,4,4,4,4,4,4,4,4
6399,4,4,4,4,4,4,4,4,4,4,4,4
6400,4,4,4,4,4,4,4,4,4,4,4,4
6404,0,0,0,0,0,0,0,0,0,0,0,0
6405,0,0,0,4,4,4,4,4,4,4,4,4
6407,4,4,4,4,4,4,4,4,4,4,4,4
6408,1,1,1,1,1,1,1,4,4,4,4,4
6410,4,4,4,4,4,4,4,4,4,4,4,4
6412,1,1,1,1,1,1,1,1,1,1,5,5
6413,4,4,4,4,4,4,4,4,4,4,4,4
6414,4,4,4,4,4,4,4,4,4,4,4,4
6416,4,4,4,4,4,4,4,4,4,4,4,4
6417,3,1,1,1,1,1,1,1,1,1,1,1
6426,3,3,3,3,3,3,3,3,1,1,1,1
6427,4,4,4,4,4,4,4,4,4,4,4,4
6428,4,4,4,4,4,4,4,4,4,4,4,4
6429,4,4,4,4,4,4,4,4,4,4,4,4
6434,0,0,0,0,0,0,0,0,0,0,0,0
6442,1,1,1,1,1,1,1,1,1,1,5,5
6444,4,4,4,4,4,4,4,4,4,4,4,4
6445,0,0,4,4,4,4,4,4,4,4,4,4
6448,4,4,4,4,4,4,4,4,4,4,4,4
6449,3,3,4,3,3,3,3,3,3,3,3,3
6450,4,4,4,4,4,4,4,3,3,4,4,4
6455,1,1,1,1,1,1,1,3,3,4,4,4
6457,4,4,4,1,1,1,1,5,5,5,5,5
6461,4,4,4,4,4,4,4,4,4,4,4,4
6470,1,1,1,1,1,1,1,1,1,1,1,1
6472,4,4,4,4,4,4,4,4,4,4,4,4
6481,4,4,4,4,4,4,4,4,4,4,4,4
6482,0,0,0,0,0,0,0,0,0,4,4,4
6485,3,3,3,3,3,3,3,3,4,4,4,5
6486,4,4,4,4,4,4,4,4,4,4,4,4
6489,1,1,1,1,1,1,1,1,1,1,1,1
6513,1,1,1,1,1,1,1,1,1,1,1,5
6516,0,0,0,0,4,4,4,4,4,4,4,4
6555,3,3,3,3,3,4,4,4,4,4,4,4
6587,0,0,0,0,0,0,0,0,0,0,0,0
6602,4,4,4,3,3,3,3,4,4,4,4,4
6604,1,1,3,3,3,3,3,3,3,3,3,4
6605,3,3,3,3,3,3,3,3,3,3,5,5
6606,4,4,4,4,4,4,4,4,4,4,4,4
6642,0,0,0,0,0,0,0,0,0,0,0,0
6643,4,4,4,4,4,4,4,4,4,4,4,4
6645,5,5,5,5,5,5,5,5,5,5,5,5
6647,2,2,2,2,1,1,1,1,1,1,1,5
6651,1,1,1,1,1,4,4,4,4,4,4,4
6652,1,3,1,1,1,1,1,1,1,1,1,5
6654,4,4,4,1,1,1,1,1,1,1,1,1
6658,4,4,4,4,4,4,4,4,4,4,4,4
6659,3,3,4,4,4,4,4,4,4,4,4,1
6662,1,1,1,1,1,1,1,1,1,1,1,1
6666,1,1,1,1,1,1,4,4,4,4,4,4
6667,1,1,1,1,4,4,4,4,4,4,4,4
6668,1,1,1,1,1,4,4,4,4,4,4,4
6671,4,3,3,3,3,3,3,3,3,4,4,4
6672,4,4,4,4,4,4,4,4,4,4,4,4
6674,4,3,3,3,4,4,3,3,3,4,4,4
6676,3,3,4,4,4,4,4,4,4,4,4,4
6684,4,4,4,4,4,4,4,4,4,4,4,4
6693,1,1,1,1,1,1,1,1,1,1,1,1
6694,4,4,4,4,4,4,4,4,4,4,4,4
6703,1,1,1,1,1,1,1,1,1,1,1,1
6704,4,4,4,4,4,4,4,4,4,4,4,4
6707,1,1,1,1,1,1,1,1,1,1,1,1
6709,4,4,4,4,4,4,3,3,3,3,3,4
6711,3,3,4,4,4,4,4,4,4,4,4,4
6712,1,1,1,1,1,1,3,3,3,3,5,5
6720,4,4,1,1,1,1,1,1,1,1,1,1
6722,4,4,4,4,4,4,4,4,4,4,4,4
6725,4,4,4,4,4,4,4,4,4,4,4,4
6730,4,4,4,4,4,4,4,4,4,4,4,4
6734,4,4,4,4,4,4,4,4,4,4,4,4
6738,1,1,1,5,5,5,5,5,5,5,5,5
6740,4,4,4,4,4,4,4,4,4,4,4,4
6741,4,4,4,4,4,4,4,4,4,4,4,4
6742,4,4,4,4,4,4,4,4,4,4,4,4
6744,4,4,4,4,4,4,4,4,4,4,4,4
6745,1,1,1,1,4,1,1,1,1,1,1,1
6749,4,4,4,4,4,4,4,4,4,4,4,4
6752,4,4,4,4,4,3,3,4,4,4,4,4
6753,1,1,1,1,1,1,1,1,1,1,1,1
6755,1,1,1,1,4,4,4,4,4,4,4,4
6756,1,1,1,1,4,4,4,4,4,4,4,4
6757,3,3,3,3,3,3,3,3,3,5,5,5
6758,4,4,4,4,4,4,4,4,4,4,4,4
6761,3,3,3,3,3,3,0,4,4,4,4,4
6765,1,1,1,1,1,1,1,1,1,1,5,5
6772,4,4,4,4,4,4,4,4,4,4,4,4
6773,4,4,4,4,4,4,4,4,4,4,4,4
6774,4,4,4,4,1,1,1,1,1,1,5,5
6780,1,1,2,4,1,1,1,4,4,4,4,4
6783,4,3,3,3,1,4,4,4,4,4,4,4
6787,4,4,4,4,4,4,4,4,4,4,4,4
6788,4,4,4,4,4,4,4,4,4,4,4,4
6807,4,4,4,4,4,4,4,4,4,4,4,4
6816,1,1,1,1,1,1,1,1,1,1,5,5
6817,1,1,1,1,1,1,1,1,1,1,1,4
6825,4,4,4,4,4,4,4,4,4,4,4,4
6828,4,4,4,4,4,4,4,4,4,4,4,4
6829,1,1,1,1,1,4,1,1,1,1,1,5
6832,3,3,3,3,3,3,3,3,1,4,4,4
6839,1,1,3,3,4,4,4,4,4,4,4,4
6842,1,1,1,1,1,1,1,1,1,1,1,4
6845,1,1,1,1,1,1,1,1,1,1,1,1
6847,4,4,4,4,4,4,4,4,4,4,4,5
6854,3,3,3,3,3,4,4,4,4,4,4,4
6856,4,4,4,4,4,4,4,4,4,4,4,4
6858,4,4,4,4,4,4,4,4,4,4,4,4
6862,4,4,4,4,4,4,4,4,4,4,4,4
6866,4,4,4,4,4,4,4,4,4,4,4,4
6876,1,1,1,1,1,1,1,1,4,4,4,4
6880,1,1,1,1,1,1,1,1,1,1,1,1
6881,1,1,1,1,1,1,1,1,1,1,1,5
6885,4,4,4,4,4,4,4,4,4,4,4,4
6890,1,4,4,1,1,1,1,1,1,1,1,5
6891,1,4,4,1,1,1,1,1,1,1,1,1
6901,1,1,1,1,1,1,3,3,3,3,3,4
6913,5,5,5,5,5,5,5,5,5,5,5,5
6930,1,1,1,1,1,1,1,1,1,1,1,1
6931,1,1,1,1,1,1,1,1,1,1,1,5
6939,3,3,3,3,3,3,3,3,3,3,3,3
6940,4,3,3,3,3,3,3,3,3,3,3,3
6948,3,3,3,1,1,1,1,1,1,5,5,5
6950,4,1,1,1,1,1,1,1,1,1,4,4
6952,4,4,4,4,4,4,4,4,4,4,4,4
6953,1,1,1,1,1,1,1,1,1,1,1,1
6957,1,1,1,1,1,1,1,1,1,1,1,1
6962,4,4,4,4,4,4,4,4,4,4,4,4
6966,4,4,4,4,4,4,3,4,4,4,4,4
6967,4,4,4,4,4,4,4,4,4,4,4,4
6970,4,4,4,4,4,4,4,4,4,4,4,4
6971,4,4,4,4,4,4,4,1,1,1,1,4
6989,1,1,1,1,1,1,1,1,1,1,1,5
6992,3,3,3,3,3,3,3,3,3,3,3,5
6994,0,0,0,0,0,0,0,0,0,0,0,0
6995,4,4,4,4,4,4,4,4,4,4,4,4
7000,1,1,3,3,3,3,3,3,4,4,4,4
7002,1,1,1,1,1,1,1,1,1,1,1,4
7046,3,3,3,3,3,4,1,1,1,4,4,4
7049,4,3,3,3,3,3,4,4,4,4,4,4
7054,1,1,3,3,3,4,4,4,4,4,4,4
7064,4,4,4,4,4,4,4,4,4,4,4,4
7065,4,4,4,4,4,4,4,4,4,4,4,4
7066,4,4,4,4,4,4,4,4,4,4,4,4
7073,4,4,4,4,1,1,1,4,4,4,4,4
7074,4,4,4,4,4,4,4,4,4,4,4,4
7075,1,1,1,1,1,1,1,1,1,1,1,1
7077,4,4,4,4,4,4,4,4,4,4,4,4
7081,4,4,3,3,3,1,4,4,1,1,5,5
7084,1,1,1,1,1,1,1,1,1,1,1,4
7085,4,4,4,4,4,4,4,4,4,4,4,4
7086,1,1,1,1,1,1,1,1,1,1,1,1
7089,0,0,0,0,0,0,0,0,0,0,0,0
7092,4,4,4,4,4,4,4,4,4,4,4,4
7094,4,4,4,4,4,4,4,4,4,4,4,4
7097,4,4,4,4,4,4,4,4,4,4,4,4
7102,4,3,3,3,3,3,3,3,3,4,4,4
7115,4,4,4,4,3,3,3,4,4,4,4,4
7116,0,0,0,0,0,0,0,0,0,0,0,0
7120,1,1,1,1,1,1,1,1,1,1,1,4
7123,3,3,3,3,3,3,3,1,1,5,5,5
7124,4,4,4,4,4,4,4,4,4,4,4,4
7126,0,0,0,0,3,3,3,3,3,4,4,4
7127,4,4,4,4,4,4,4,4,4,4,4,4
7128,4,4,2,2,2,3,3,4,4,4,4,4
7130,4,4,4,4,4,4,4,4,4,4,4,4
7137,1,1,1,1,1,1,1,1,1,1,3,5
7138,4,4,4,4,4,4,4,4,4,4,4,4
7139,4,4,4,4,4,4,4,4,4,4,4,4
7144,4,4,4,4,4,4,4,4,4,4,4,4
7146,1,1,1,1,1,1,1,1,1,1,4,4
7147,1,1,1,1,1,1,1,1,1,1,1,1
7148,4,1,1,1,1,1,1,1,1,1,4,4
7152,1,1,1,1,1,1,1,1,1,1,1,1
7153,3,3,3,3,1,1,1,4,4,4,4,3
7156,3,3,3,3,3,3,3,3,4,4,4,4
7157,4,4,4,4,4,4,4,4,4,4,4,4
7158,4,4,4,4,4,4,4,4,4,4,4,4
7160,1,1,1,1,1,1,1,1,1,1,5,5
7163,0,0,0,0,0,2,2,2,2,2,2,2
7166,1,1,1,1,1,1,1,1,1,1,1,1
7170,4,4,4,4,4,4,4,4,4,4,4,4
7171,4,4,4,4,4,4,4,4,4,4,4,4
7175,1,1,1,1,1,1,1,1,1,1,1,1
7179,4,4,4,4,4,4,4,4,4,4,4,4
7180,4,4,4,4,4,4,4,4,4,4,4,4
7181,4,4,4,4,4,4,4,4,4,4,4,4
7183,1,1,1,1,1,1,1,5,5,5,5,5
7184,1,3,3,3,3,3,3,3,4,4,4,4
7186,3,3,3,3,3,3,4,4,4,4,4,4
7189,4,4,4,4,4,4,4,4,4,4,4,4
7192,4,4,4,4,4,4,4,4,4,4,4,4
7194,3,3,3,4,4,4,4,4,4,4,4,4
7197,4,4,4,4,4,4,4,4,4,4,4,4
7198,4,4,4,4,4,4,4,4,4,4,4,4
7199,0,0,0,0,0,0,0,0,0,0,0,0
7207,4,4,4,4,4,4,4,4,4,4,4,4
7209,4,4,4,4,4,4,4,4,4,4,4,4
7211,1,1,1,1,1,1,1,1,1,1,1,1
7214,1,1,1,1,1,1,1,1,1,1,1,1
7215,1,1,1,1,4,4,4,4,1,1,1,4
7216,4,4,4,4,4,4,4,4,4,4,4,4
7217,4,4,4,4,4,4,4,4,4,4,4,4
7220,4,4,3,3,3,3,4,4,4,4,4,4
7224,1,1,1,1,1,1,4,4,4,4,4,4
7226,3,3,3,3,3,3,3,1,1,1,1,4
7228,4,4,4,4,4,4,4,4,4,4,4,3
7231,1,1,1,1,1,1,1,1,1,1,1,1
7232,4,4,4,4,4,4,4,4,4,4,4,4
7235,4,4,4,4,4,4,4,4,4,4,4,4
7236,1,1,1,1,1,1,1,1,1,1,1,5
7241,1,1,1,1,1,1,1,1,1,1,1,1
7244,3,3,4,4,4,4,4,4,4,4,4,4
7245,1,1,1,1,1,1,4,4,4,4,4,4
7246,1,1,1,1,1,1,1,1,1,1,1,1
7247,3,3,3,3,4,4,4,4,4,4,4,4
7249,4,4,4,4,4,4,4,4,4,4,4,4
7252,4,4,4,4,4,4,4,4,4,4,4,4
7253,4,4,4,4,4,3,4,4,4,4,4,4
7255,4,4,3,3,3,3,3,3,3,3,3,3
7256,3,3,4,4,4,4,4,4,4,4,4,4
7258,4,4,4,4,4,4,4,4,4,4,4,4
7259,4,4,4,4,4,4,4,4,4,4,4,4
7263,4,4,4,4,4,4,4,4,4,4,4,4
7275,4,4,4,4,4,4,4,4,4,4,4,4
7276,1,0,0,0,0,0,0,0,0,0,4,4
7278,4,4,4,4,4,4,4,4,4,4,4,4
7282,4,4,4,4,4,4,4,4,4,4,4,4
7283,4,4,4,4,4,4,4,4,4,4,4,4
7284,3,3,3,3,3,3,3,3,3,3,4,4
7285,4,4,4,4,4,4,4,4,3,3,3,5
7286,1,1,1,1,1,1,1,1,1,1,1,1
7295,4,4,4,4,4,4,4,4,4,4,4,4
7300,1,1,1,1,1,1,1,1,1,1,1,5
7302,4,1,1,1,1,1,4,4,4,4,1,1
7304,1,1,1,1,1,1,1,3,3,3,3,3
7305,0,0,0,0,0,0,0,0,0,0,0,0
7314,0,0,0,0,0,0,0,0,0,0,0,0
7316,0,0,0,0,0,0,0,0,0,0,0,0
7317,1,1,1,1,1,1,1,1,5,5,5,5
7322,4,1,1,1,3,3,4,4,1,1,1,5
7323,4,4,4,4,4,4,4,4,4,4,4,4
7324,0,0,0,0,0,0,0,4,4,4,4,4
7325,4,4,4,1,1,4,4,4,4,4,4,4
7377,1,1,1,1,1,1,1,1,1,1,1,1
7378,1,1,1,1,1,1,1,1,1,1,1,1
7382,1,1,1,1,1,1,1,1,5,5,5,5
7383,3,3,3,3,3,3,3,3,4,4,4,4
7389,4,3,3,3,3,4,4,4,4,4,4,4
7390,4,4,4,4,4,4,4,4,4,4,4,4
7391,0,0,0,0,0,0,0,0,0,0,0,0
7392,4,4,4,4,4,4,4,4,4,4,4,4
7393,3,3,3,3,1,3,3,3,3,3,3,3
7394,1,1,1,1,1,1,1,1,1,1,1,1
7396,1,1,1,1,1,1,1,1,1,1,1,1
7403,4,4,4,4,4,4,4,4,4,4,4,4
7422,1,1,1,1,1,1,1,1,1,1,1,1
7426,1,1,1,1,1,1,1,1,1,1,1,1
7428,1,1,1,1,1,1,1,1,1,1,1,1
7430,0,0,0,0,0,0,0,0,0,0,0,0
7432,4,1,1,1,4,4,4,4,4,4,4,4
7433,4,4,4,4,4,4,4,4,4,4,4,4
7435,1,1,1,1,1,1,1,1,1,1,1,1
7436,1,1,1,1,1,1,1,1,1,1,1,4
7437,1,1,1,1,1,1,1,1,1,1,1,5
7438,1,1,1,1,1,1,1,1,5,5,5,5
7439,1,1,1,1,1,1,1,1,1,1,1,1
7441,4,4,4,4,4,4,4,0,0,0,0,0
7442,0,0,0,0,0,0,0,0,0,0,0,0
7443,1,1,1,4,1,1,4,4,1,1,1,5
7445,4,4,4,4,4,4,4,4,4,4,4,4
7446,1,1,1,1,1,1,1,1,4,4,4,4
7447,0,0,0,0,0,0,0,0,0,0,0,0
7448,4,4,4,4,4,4,4,4,4,4,4,4
7449,0,0,0,4,4,4,4,4,4,4,4,4
7451,4,4,4,4,4,4,4,4,4,4,4,4
7455,4,4,4,4,4,4,4,4,4,4,4,4
7459,3,3,3,3,3,3,4,4,4,4,4,4
7462,3,3,3,4,4,4,4,4,4,4,4,4
7464,0,0,0,0,0,0,0,0,0,0,0,0
7470,4,4,4,4,4,4,4,4,4,4,4,4
7475,1,1,1,1,1,1,1,1,1,1,1,1
7477,1,1,1,1,1,1,1,1,1,1,1,5
7479,1,1,1,1,1,1,1,1,1,1,1,1
7480,4,4,4,4,4,4,4,4,4,4,4,4
7485,4,4,4,4,4,4,4,4,4,4,4,4
7490,3,1,1,4,4,4,4,3,3,4,4,4
7492,1,1,1,1,1,1,1,3,3,3,3,3
7493,4,4,4,4,4,4,4,4,4,4,4,4
7494,3,3,3,3,3,3,3,3,3,4,4,4
7496,4,4,4,4,4,4,4,4,4,4,4,4
7497,1,1,1,4,4,4,4,4,4,4,4,4
7498,1,1,1,1,1,1,1,1,1,1,1,1
7500,1,1,1,1,1,1,4,4,4,4,4,4
7501,4,4,4,4,4,4,4,4,4,4,4,4
7503,4,3,3,4,4,4,4,4,4,4,4,4
7504,4,4,4,4,4,4,4,4,4,4,4,4
7506,1,1,1,1,1,1,1,1,1,1,1,1
7508,2,2,2,2,2,2,4,4,4,4,4,4
7510,1,1,1,1,1,1,1,1,1,5,5,5
7513,4,4,4,4,4,4,4,4,4,4,4,4
7514,0,0,0,0,0,0,0,0,0,0,0,0
7518,4,4,4,4,4,4,4,4,4,4,4,4
7520,1,4,4,4,4,4,4,4,4,4,4,4
7524,4,4,4,4,4,4,4,4,4,4,4,4
7525,3,3,3,3,3,3,3,3,3,3,3,3
7548,4,4,4,4,4,4,4,4,4,4,4,4
7551,1,1,1,1,1,1,1,1,1,1,1,1
7553,1,1,1,1,3,3,3,3,3,3,3,5
7565,4,4,4,4,4,4,1,4,4,4,4,4
7571,4,4,4,4,4,4,4,4,4,4,4,4
7574,0,0,0,0,0,0,0,0,0,0,0,0
7575,1,1,1,1,1,1,1,1,1,1,1,1
7578,4,4,4,1,1,1,1,1,1,1,1,1
7580,1,1,1,1,1,1,1,1,1,1,1,1
7581,1,1,1,1,1,1,1,1,1,1,1,1
7583,0,0,0,0,0,0,3,3,3,4,4,4
7585,4,4,4,4,4,4,4,4,4,4,4,4
7586,1,1,1,1,1,1,1,1,1,1,1,1
7587,1,1,1,1,1,1,1,1,1,1,1,1
7595,1,1,1,1,1,1,1,1,1,1,3,3
7598,1,4,3,3,4,4,1,1,1,1,1,1
7601,1,1,1,1,1,1,1,1,1,1,1,1
7603,1,1,1,1,1,1,1,1,1,1,1,1
7606,1,1,1,1,1,1,1,1,1,1,1,1
7616,1,1,4,4,4,4,4,4,4,4,4,4
7617,4,4,4,4,4,4,4,4,4,4,4,4
7618,4,4,4,4,4,4,4,4,4,4,4,4
7619,4,4,4,4,4,4,4,4,4,4,4,4
7622,0,0,0,0,0,0,0,0,0,0,0,0
7625,1,1,1,1,1,1,1,1,1,1,1,1
7626,3,3,3,3,3,3,3,3,3,3,3,5
7636,4,4,4,4,4,4,4,4,4,4,4,4
7642,4,4,4,4,4,1,4,4,4,4,4,4
7645,4,4,4,4,4,4,4,4,4,4,4,4
7646,0,0,0,0,0,0,0,0,0,0,0,0
7648,0,0,0,0,0,0,0,0,0,0,0,0
7649,0,0,0,0,0,0,0,0,0,0,0,0
7652,4,4,4,4,3,3,4,4,4,4,4,4
7655,4,4,4,4,4,4,4,4,4,4,4,4
7657,0,0,0,0,0,0,0,0,0,0,0,0
7662,3,3,3,3,3,4,4,4,4,4,4,4
7665,0,0,0,0,0,0,0,0,0,0,0,0
7669,0,0,0,0,0,0,0,0,0,0,0,0
7670,1,1,1,1,1,4,4,4,4,4,4,4
7672,1,1,1,1,1,1,4,4,4,4,1,1
7673,4,4,4,4,4,4,4,4,4,4,4,4
7678,1,1,1,1,1,1,1,1,1,1,4,4
7679,3,3,3,3,4,4,4,4,4,4,4,4
7681,4,4,4,4,4,4,4,4,4,4,4,4
7682,1,1,1,1,1,1,1,1,1,1,1,1
7684,1,1,1,1,1,1,1,1,1,1,1,1
7685,3,3,3,3,3,4,4,4,4,4,4,4
7687,1,1,1,1,1,1,1,1,1,1,5,1
7688,1,1,1,1,1,1,1,1,1,1,1,1
7689,1,1,1,1,1,1,1,1,5,5,5,5
7691,1,1,1,1,1,1,1,1,1,4,4,4
7694,4,4,4,4,4,4,4,4,4,4,4,4
7695,3,4,3,3,3,4,4,4,4,4,4,4
7704,4,4,4,4,4,4,4,4,4,4,4,4
7708,1,1,1,1,1,1,1,1,1,1,1,1
7710,4,4,4,4,4,4,4,4,4,4,4,4
7713,1,1,1,1,1,1,1,4,4,4,4,4
7750,1,1,1,1,1,1,1,1,1,1,1,5
7754,1,1,1,1,1,1,1,1,1,1,1,1
7760,1,1,1,1,1,1,1,1,1,1,1,1
7774,1,1,1,4,1,1,1,1,1,1,1,1
7788,1,1,1,1,1,1,1,1,1,1,1,1
7789,0,0,0,0,0,0,0,0,0,0,0,0
7791,1,1,1,1,1,1,1,1,1,1,1,1
7794,4,4,4,4,4,4,4,4,4,4,4,4
7795,4,4,4,4,4,4,4,4,4,4,4,4
7796,4,4,4,4,1,4,4,4,4,4,4,4
7797,4,4,4,4,4,4,4,4,4,4,4,4
7798,4,4,4,4,4,4,4,4,4,4,4,4
7802,4,4,4,4,4,4,4,4,4,4,4,4
7804,4,4,4,4,4,4,4,4,4,4,4,4
7806,1,1,1,1,4,4,1,4,4,4,4,4
7810,1,1,4,4,3,1,1,1,1,1,1,4
7814,4,4,4,4,4,4,4,4,4,4,4,4
7815,3,3,4,1,1,1,1,1,1,1,1,5
7818,0,0,0,0,0,0,0,0,0,0,0,0
7819,1,1,1,1,1,1,1,1,1,1,1,1
7820,4,4,4,4,4,4,4,4,4,4,4,4
7823,4,4,4,4,4,4,4,1,1,1,1,4
7825,3,3,3,3,3,3,3,3,3,3,3,3
7828,1,1,1,1,1,1,1,1,4,4,4,4
7829,0,0,0,0,0,0,0,0,0,0,0,0
7830,3,3,4,4,4,1,1,4,4,4,4,4
7831,4,3,3,3,4,4,4,4,4,4,4,4
7833,1,1,1,1,1,1,1,1,1,1,1,1
7835,0,0,0,0,0,0,0,0,0,0,0,0
7838,1,1,1,1,1,1,1,1,1,1,1,5
7841,4,4,4,4,4,4,4,4,4,4,4,4
7842,4,4,4,4,4,4,4,4,4,4,3,1
7844,0,0,0,0,0,0,0,4,4,4,4,4
7846,2,2,3,3,1,1,1,4,4,4,4,4
7849,4,4,4,4,4,4,4,4,4,4,4,4
7851,1,1,1,1,1,1,1,1,1,1,1,1
7856,1,1,1,1,1,1,1,1,1,1,1,1
7864,4,4,4,4,4,4,4,4,4,4,4,4
7865,4,4,4,4,4,4,4,4,4,4,4,4
7869,4,4,4,4,4,4,4,4,4,4,4,4
7882,4,4,4,4,4,4,4,4,4,4,4,4
7883,3,3,3,3,3,4,1,1,4,4,4,4
7885,4,4,4,4,4,4,4,4,4,4,4,4
7886,4,4,4,4,4,4,4,4,4,4,4,4
7891,3,3,3,4,4,4,4,4,4,4,4,4
7910,4,4,4,4,4,4,4,4,4,4,4,4
7927,4,4,4,4,4,4,4,4,4,4,4,4
7928,1,4,4,4,4,4,4,4,4,4,4,4
7930,3,1,1,1,4,1,4,4,4,4,4,4
7931,4,4,4,4,4,4,4,4,4,4,4,4
7933,4,4,4,4,4,4,4,4,4,4,4,4
7938,4,4,4,4,4,4,4,4,4,4,4,0
7943,1,1,1,1,1,1,1,1,1,1,1,1
7945,4,4,4,4,4,4,4,4,4,4,4,4
7949,4,4,4,4,4,4,4,4,4,4,4,4
7950,4,4,4,4,4,4,4,4,4,4,4,4
7951,4,4,4,4,4,4,4,4,4,4,4,4
7952,4,4,4,4,4,4,4,4,4,4,4,4
7958,4,4,4,4,4,4,4,4,4,4,4,4
7967,4,4,4,4,4,4,4,4,4,4,4,4
7968,4,3,3,3,4,4,4,4,4,4,4,4
7971,4,4,4,4,4,4,4,4,4,4,4,4
7973,1,1,1,1,1,1,1,1,1,1,1,5
7974,4,4,1,1,1,4,4,4,4,4,4,4
7975,1,1,4,4,4,1,1,1,1,4,4,4
7979,1,1,1,1,1,1,1,1,1,1,1,5
7980,1,1,1,1,1,1,1,3,3,5,5,5
7981,4,4,4,4,4,4,4,4,4,4,4,4
7983,1,1,1,1,1,1,1,1,1,1,1,1
7985,1,1,1,1,1,1,1,1,4,4,4,4
7988,1,1,1,1,1,1,1,1,1,1,1,4
7990,1,1,1,5,5,5,5,5,5,5,5,5
7994,1,1,1,1,1,1,1,1,1,1,4,4
7997,1,1,1,1,1,1,1,1,1,1,1,1
7998,1,1,1,1,1,1,1,1,1,1,1,1
8000,1,1,1,1,1,1,1,1,1,1,1,5
8001,4,4,4,4,4,4,4,4,4,4,4,4
8006,1,1,4,1,1,1,1,1,1,1,1,4
8020,1,4,4,4,4,4,4,4,4,4,4,4
8028,4,4,4,4,4,4,4,4,4,4,4,4
8029,3,3,3,3,3,3,3,3,3,3,3,5
8030,4,4,4,4,4,4,4,4,4,4,4,4
8031,4,4,4,4,4,4,4,4,4,4,4,4
8033,1,1,1,1,1,1,1,1,1,1,1,1
8034,3,3,3,3,3,3,3,3,3,3,3,5
8039,4,4,4,4,4,4,4,4,4,4,4,4
8044,4,4,4,4,4,4,4,4,4,4,4,4
8045,4,4,4,4,4,4,4,4,4,4,4,4
8047,1,1,1,1,1,1,1,1,1,5,5,5
8048,3,3,3,3,3,3,3,4,3,3,1,4
8049,3,3,3,3,3,3,3,3,3,3,4,5
8057,3,3,3,4,4,4,4,4,4,4,4,4
8059,4,4,4,4,4,4,4,4,4,4,4,4
8061,1,1,1,1,1,1,1,1,1,5,5,5
8072,0,0,0,0,1,4,4,4,4,4,4,4
8078,1,1,1,1,1,1,1,1,1,1,1,1
8083,1,1,1,1,1,1,1,1,1,1,1,1
8091,0,1,1,1,1,1,1,1,1,1,1,1
8093,4,4,4,4,4,4,4,4,4,4,4,4
8102,1,1,1,1,1,1,1,1,1,1,1,1
8103,0,0,0,0,0,0,0,0,0,0,0,0
8105,1,1,1,1,1,1,1,1,1,1,1,1
8109,4,4,4,4,4,4,4,4,4,4,4,4
8110,1,1,1,1,1,1,1,1,1,1,1,1
8113,1,1,1,4,4,4,4,1,1,1,1,0
8114,0,0,0,4,4,4,4,4,3,3,3,3
8120,1,1,1,1,1,1,1,1,1,1,1,1
8121,3,3,3,3,3,3,3,3,3,3,3,3
8123,4,4,4,4,4,4,4,4,4,4,4,4
8125,4,4,4,4,4,4,4,4,4,4,4,4
8127,0,0,0,0,0,0,0,0,0,0,0,0
8129,1,1,1,1,1,1,1,1,1,1,1,1
8133,4,4,4,4,4,4,4,4,4,4,4,4
8140,4,4,4,4,4,4,4,4,4,4,4,4
8141,1,1,1,1,1,1,1,1,1,1,3,5
8143,4,4,4,4,4,4,4,4,4,4,4,4
8144,1,1,1,1,4,1,3,3,3,4,4,4
8148,1,1,1,1,1,4,4,4,4,4,4,4
8151,3,3,3,3,3,3,3,3,3,3,4,4
8152,1,1,3,3,3,3,3,3,3,3,3,3
8160,1,1,1,1,1,1,1,1,1,1,1,1
8161,4,4,4,4,4,4,4,4,4,4,4,4
8169,1,1,1,1,1,1,1,1,1,1,1,5
8174,4,4,4,4,4,4,4,4,4,4,4,4
8175,4,1,1,1,4,4,4,4,4,4,4,4
8176,1,1,1,1,1,1,1,1,1,1,5,5
8178,1,1,1,1,1,1,1,1,1,1,1,5
8181,1,1,1,1,1,1,1,1,1,1,4,4
8184,1,4,4,4,4,4,4,4,4,4,4,4
8193,4,4,1,1,1,1,1,1,1,1,4,4
8194,4,4,4,4,4,4,4,4,4,4,4,4
8195,4,4,4,4,4,4,4,4,4,4,4,4
8198,4,4,4,4,4,4,4,4,4,4,4,4
8202,1,1,1,1,4,4,4,4,4,4,4,4
8210,4,4,4,4,4,4,4,4,4,4,4,4
8212,1,1,1,1,1,1,1,1,1,1,1,1
8213,4,4,4,4,4,4,4,4,4,4,4,4
8217,4,4,4,4,4,4,4,4,4,4,4,4
8226,1,1,1,1,1,1,3,3,3,3,3,3
8235,1,1,1,1,1,1,1,1,1,1,5,5
8237,1,1,1,1,1,1,1,1,1,1,5,5
8243,0,0,0,0,0,0,0,1,1,1,1,1
8254,4,4,4,4,4,4,4,4,4,4,4,4
8257,1,1,1,1,1,1,1,1,1,1,1,4
8259,4,4,4,4,4,4,4,4,4,4,4,4
8260,4,4,4,4,4,4,4,4,4,4,4,4
8261,4,4,4,4,4,4,4,4,4,4,4,4
8262,1,1,1,1,1,1,1,1,1,1,1,5
8264,4,4,4,4,4,4,4,4,4,4,4,4
8265,1,1,1,1,1,1,1,1,1,1,1,1
8269,1,4,4,4,4,4,4,4,4,4,4,4
8271,1,1,1,1,1,1,1,1,1,1,1,5
8273,0,0,0,0,0,0,0,0,0,0,0,0
8276,4,4,4,4,4,4,4,4,4,4,4,4
8279,4,4,4,4,4,4,4,4,4,4,4,4
8283,4,4,4,4,4,4,4,4,4,4,4,4
8284,0,0,0,0,0,0,0,0,0,0,0,0
8286,4,4,4,4,4,4,4,4,4,4,4,4
8287,4,4,4,4,4,4,4,4,4,4,4,4
8289,4,4,4,4,4,4,4,4,4,4,4,4
8294,1,1,1,1,1,1,1,1,1,1,1,4
8296,3,3,3,3,4,4,4,4,4,4,4,4
8298,4,4,4,4,4,4,4,4,4,4,4,4
8305,1,4,1,4,1,4,4,4,4,4,4,4
8309,4,4,4,4,4,4,4,4,4,4,4,4
8315,1,1,1,1,1,1,1,1,1,1,5,5
8317,0,0,0,4,3,3,3,3,3,3,3,4
8319,4,3,4,4,4,4,4,4,4,1,1,1
8329,3,4,3,3,4,4,4,4,4,4,4,4
8330,3,3,3,3,3,3,4,4,4,4,4,4
8334,4,4,4,4,4,4,1,4,4,4,4,4
8336,3,3,3,3,3,3,3,3,3,3,3,3
8337,1,1,1,1,1,1,1,1,1,1,1,1
8340,4,4,4,4,4,4,4,4,4,4,4,4
8343,0,4,4,4,4,4,4,4,4,4,4,4
8345,3,3,3,4,4,4,4,4,4,4,4,4
8346,3,3,3,3,3,3,3,4,4,4,4,4
8349,4,4,4,4,4,1,1,1,1,1,1,1
8351,1,1,1,1,1,1,1,1,1,1,5,5
8352,4,4,4,4,4,4,4,4,4,4,4,4
8353,0,0,4,4,4,4,4,4,4,4,4,4
8354,1,1,1,1,1,1,1,1,1,1,1,5
8357,3,3,3,3,3,3,3,3,3,4,4,4
8359,4,4,4,4,4,4,4,4,4,4,4,4
8367,4,4,4,3,3,3,3,1,1,1,4,4
8374,1,1,4,3,3,4,4,4,4,4,4,4
8375,1,1,1,4,4,4,4,4,3,3,5,5
8376,1,4,4,4,4,4,4,4,4,4,4,4
8377,4,4,4,4,4,4,4,4,4,4,4,4
8383,4,4,4,4,4,4,4,4,4,4,4,4
8389,4,4,4,4,4,4,4,4,4,4,4,4
8391,1,1,1,1,1,1,1,1,1,1,1,5
8393,4,4,4,4,4,4,4,4,4,4,4,4
8395,4,4,4,4,4,4,4,4,4,4,4,4
8398,3,3,3,3,3,4,4,4,4,4,4,4
8401,4,4,4,4,4,4,4,4,4,4,4,4
8407,4,4,4,4,4,4,4,4,4,4,4,4
8408,4,4,4,4,4,4,4,4,4,4,4,4
8413,1,1,1,1,1,1,1,1,1,1,1,1
8416,1,1,1,1,1,1,1,1,1,1,1,1
8417,1,1,1,1,1,1,1,1,1,1,1,1
8422,1,1,1,1,1,1,1,1,1,1,1,1
8428,1,1,1,1,1,1,1,1,1,1,1,1
8430,4,1,1,4,4,4,4,4,4,4,4,4
8432,3,3,3,4,4,4,4,4,4,4,4,4
8434,1,1,1,1,1,0,0,0,0,0,0,0
8463,1,1,1,1,1,1,1,4,4,4,4,4
8473,4,4,4,4,4,4,4,4,4,4,4,4
8475,4,4,4,4,4,4,4,4,4,4,4,4
8477,4,4,4,4,4,4,4,4,4,4,4,4
8479,1,1,1,1,1,1,1,1,1,1,5,5
8480,4,4,4,4,4,4,4,4,4,4,4,4
8482,1,1,1,1,1,1,1,1,1,1,5,5
8483,3,3,4,1,1,1,1,1,1,1,1,1
8484,4,4,3,3,3,3,3,3,4,4,4,4
8488,4,4,4,4,4,4,4,4,4,4,4,4
8490,4,4,4,4,4,4,4,4,4,4,4,4
8492,0,0,0,0,0,0,0,0,0,0,0,0
8493,4,4,4,4,4,4,4,4,4,4,4,4
8494,4,4,4,4,4,4,4,4,4,4,4,4
8500,4,4,4,4,4,4,4,4,4,4,4,4
8502,4,4,4,4,4,4,4,4,4,4,4,4
8503,4,1,1,4,4,4,4,4,4,4,4,4
8505,0,0,0,0,0,0,0,0,0,0,0,0
8510,4,4,4,4,4,0,0,0,0,0,0,0
8511,4,1,1,1,1,1,1,1,1,1,1,1
8512,1,1,1,1,1,1,1,1,1,1,1,1
8513,1,4,3,3,3,3,3,3,3,3,5,5
8514,1,1,1,1,1,1,1,1,1,1,1,5
8532,4,4,4,4,4,4,4,3,3,3,3,4
8539,0,0,0,0,0,0,0,0,0,0,0,0
8540,0,0,0,0,0,0,0,0,0,0,0,0
8549,4,4,4,4,4,4,4,4,4,4,4,4
8553,0,0,0,0,0,0,0,0,0,0,0,0
8557,1,1,4,4,4,4,4,4,4,4,4,4
8558,1,1,1,1,1,1,1,1,1,1,1,4
8561,1,4,4,4,4,4,4,4,4,4,4,4
8568,1,1,1,1,1,1,1,1,1,1,1,1
8570,4,4,4,4,4,4,4,4,4,4,4,4
8579,4,4,4,4,4,4,4,4,4,4,4,4
8580,4,4,4,4,4,4,4,4,4,4,4,4
8583,0,0,0,0,0,0,0,0,0,0,0,0
8598,4,4,4,4,4,4,4,4,4,4,4,4
8600,4,4,4,4,4,4,4,4,4,4,4,4
8601,1,1,1,1,1,1,1,1,1,1,1,5
8612,1,1,1,1,1,1,1,1,1,1,1,1
8613,4,4,4,4,4,4,4,4,4,4,4,4
8614,1,1,1,3,4,3,3,4,4,4,4,4
8615,4,4,4,4,4,4,4,4,4,4,4,4
8618,4,4,4,4,4,4,4,4,4,4,4,4
8619,1,1,1,1,1,1,1,1,1,1,1,1
8631,4,4,4,4,4,4,4,4,4,4,4,4
8634,0,0,0,0,0,0,0,0,0,0,0,0
8636,1,1,1,1,1,1,1,1,1,1,1,1
8638,1,1,1,1,1,1,1,1,1,4,4,4
8639,4,4,4,4,4,4,4,4,4,4,4,4
8641,4,4,4,4,4,4,4,4,4,4,4,4
8642,4,4,4,4,4,4,4,4,4,4,4,4
8643,4,4,4,4,4,4,4,4,4,4,4,4
8648,4,4,4,4,4,4,4,4,4,4,4,4
8649,4,4,4,4,4,4,4,4,4,4,4,4
8652,4,4,4,4,4,4,4,4,4,4,4,4
8658,1,4,4,4,4,4,4,4,4,4,4,4
8662,4,4,4,4,4,4,4,4,4,4,4,4
8664,4,4,4,4,4,4,4,4,4,4,4,4
8665,3,4,4,4,4,4,3,3,4,4,4,4
8668,3,3,3,1,1,2,2,2,2,2,1,1
8673,4,4,4,4,4,4,4,4,4,4,4,4
8675,1,1,1,1,1,1,1,1,1,4,4,4
8679,0,0,0,0,0,0,0,0,0,0,0,0
8680,1,1,1,1,1,1,1,1,1,1,1,5
8684,4,4,4,4,4,4,4,4,4,4,4,4
8685,4,4,4,4,4,4,4,4,4,4,4,4
8690,4,4,4,4,4,4,4,4,4,4,4,4
8692,4,4,4,4,4,4,4,4,4,4,4,4
8693,0,0,0,0,1,1,1,1,1,1,1,5
8694,1,1,1,1,1,1,1,1,1,1,4,4
8695,4,4,4,1,4,4,4,4,4,4,4,4
8696,4,4,4,4,4,4,4,4,4,4,4,4
8697,1,1,1,4,1,1,1,1,1,1,1,5
8705,4,4,4,3,3,4,4,4,4,4,4,4
8706,0,0,0,0,0,0,0,0,4,4,4,4
8708,1,1,4,4,4,4,4,4,4,4,4,4
8714,0,0,0,0,0,0,0,0,0,1,5,5
8759,1,3,3,3,3,3,3,3,3,3,3,3
8787,0,0,0,0,0,0,0,0,4,4,4,4
8794,4,4,4,4,4,4,4,4,4,4,4,4
8818,1,4,4,4,4,4,4,4,4,4,4,4
8840,4,4,4,4,4,4,4,4,4,4,4,4
8853,1,1,1,1,1,1,1,1,1,1,1,4
8854,4,4,4,4,4,4,4,4,4,4,4,4
8858,3,3,4,4,4,4,4,4,4,4,4,4
8861,4,4,4,4,4,4,4,4,4,4,4,4
8864,1,4,4,1,1,1,4,4,4,4,4,4
8867,1,1,1,1,4,4,4,4,4,4,4,4
8869,4,4,4,4,4,4,4,4,4,4,4,4
8870,0,0,0,0,0,0,0,0,0,4,4,4
8883,4,4,4,4,4,4,4,4,4,4,4,4
8888,3,4,4,4,4,4,4,4,4,4,4,4
8889,4,4,4,4,4,4,4,4,4,4,4,4
8890,4,4,4,4,4,4,4,4,4,4,4,4
8895,4,4,4,4,4,4,4,4,4,4,4,4
8896,4,4,4,1,1,1,1,1,1,1,1,5
8900,3,3,3,3,3,3,3,3,3,3,4,5
8902,1,1,1,1,1,1,1,1,1,1,1,1
8904,3,3,3,3,3,3,3,3,3,3,3,3
8909,3,3,3,3,3,3,3,3,3,3,3,4
8910,4,4,4,4,4,4,4,4,4,4,4,4
8912,4,4,4,4,4,4,4,4,4,4,4,4
8913,1,1,1,1,1,1,1,1,1,1,1,1
8916,0,0,0,0,0,0,0,0,0,0,0,0
8920,4,4,4,4,4,4,4,4,4,4,4,4
8925,4,4,4,4,4,4,4,4,4,4,4,4
8926,4,1,1,1,4,4,4,4,4,4,4,4
8927,1,1,1,1,1,1,1,1,1,1,1,4
8932,4,4,4,4,4,4,4,4,4,4,4,4
8934,1,1,3,3,3,3,3,3,3,3,3,5
8938,4,4,4,3,4,4,4,4,4,4,4,4
8939,1,1,1,1,1,1,1,1,1,1,1,1
8940,3,3,3,1,1,1,1,1,4,4,4,4
8942,1,1,1,1,1,1,1,1,1,1,1,1
8944,3,3,3,1,3,3,3,3,3,3,4,4
8946,1,1,1,1,1,1,1,1,1,1,1,4
8948,4,4,4,4,4,4,4,4,4,4,4,4
8949,4,4,4,4,4,4,4,4,4,4,4,4
8953,1,1,3,4,4,4,5,5,5,5,5,5
8955,4,4,4,4,4,4,4,4,4,4,4,4
8956,4,4,4,4,4,4,4,4,4,4,4,4
8960,4,4,4,4,4,4,4,4,4,4,4,4
8962,4,4,4,4,4,4,4,4,4,4,4,4
8965,1,1,1,1,1,1,1,1,1,1,1,1
8966,4,4,4,4,4,4,4,4,4,4,4,4
8967,4,4,4,4,4,4,4,4,4,4,4,4
8969,4,4,4,4,4,4,4,4,4,4,4,4
8970,1,1,1,1,1,1,1,1,1,1,1,5
8974,3,3,3,3,3,3,3,3,3,3,3,3
8977,4,4,4,4,4,4,4,4,4,4,4,4
8982,1,1,1,1,1,1,1,1,1,1,1,5
8996,4,4,4,4,4,4,4,4,4,4,4,4
9012,0,0,0,0,0,0,0,0,0,0,0,0
9018,3,4,4,4,4,4,4,4,4,4,4,4
9019,1,1,1,1,1,1,1,1,1,1,5,5
9021,4,3,3,3,4,4,4,4,4,4,4,4
9029,1,1,1,1,1,1,1,1,1,1,1,1
9033,4,4,4,4,4,4,4,4,4,4,4,4
9035,4,4,4,4,4,4,4,4,4,4,4,4
9037,1,1,1,1,1,1,4,4,4,4,4,4
9038,4,4,4,4,4,4,4,4,4,4,4,4
9040,4,4,4,4,4,4,4,4,4,4,4,4
9045,1,4,4,4,4,4,4,4,4,4,4,4
9046,4,4,4,4,4,4,4,4,4,4,4,4
9048,0,0,0,0,0,0,0,0,0,0,0,0
9050,4,4,4,4,4,4,4,4,4,4,4,4
9053,1,1,1,1,1,1,1,1,1,1,1,1
9057,4,4,4,4,4,4,4,4,4,4,4,4
9060,4,4,4,4,4,4,4,4,4,4,4,4
9063,4,4,4,4,4,4,4,4,4,4,4,4
9064,4,4,4,4,4,4,4,4,4,4,4,4
9065,4,4,1,1,1,1,1,1,1,1,1,1
9067,1,1,1,1,1,1,1,1,1,1,1,1
9070,1,1,1,1,1,1,1,1,1,1,1,1
9074,4,4,4,4,4,4,4,4,4,4,4,4
9080,4,4,4,4,4,4,4,4,4,4,4,4
9081,4,4,4,4,4,4,4,4,4,4,4,4
9092,4,4,4,4,4,4,4,4,4,4,4,4
9095,4,4,4,4,1,1,1,4,4,4,4,4
9100,3,1,3,3,3,3,4,4,4,4,4,4
9101,4,4,4,4,4,4,4,4,4,4,4,4
9106,1,4,1,1,4,4,4,4,4,4,4,4
9108,4,4,4,4,4,4,4,4,4,4,4,4
9109,4,4,4,4,4,4,4,4,4,4,4,4
9115,4,4,4,4,4,4,4,4,4,4,4,4
9117,1,1,1,1,1,1,1,1,1,1,1,1
9134,4,4,4,1,1,1,1,1,1,1,1,5
9144,4,1,4,3,3,4,4,4,4,4,4,4
9157,3,3,3,3,3,3,3,3,3,3,3,5
9174,1,1,4,4,4,4,4,4,4,4,4,4
9180,4,4,4,4,4,4,4,4,4,4,4,4
9182,1,1,1,1,1,4,4,4,4,4,4,4
9183,0,0,4,4,4,4,4,4,4,4,4,4
9192,4,4,4,4,4,4,4,4,4,4,4,4
9195,1,1,1,1,1,1,1,1,1,1,5,5
9201,4,4,4,4,4,4,4,4,4,4,4,4
9202,4,4,4,4,4,4,4,4,4,4,4,4
9205,4,4,4,4,4,4,4,4,4,4,4,4
9206,4,4,4,4,4,4,1,1,1,4,4,4
9214,4,4,4,4,4,4,4,4,4,4,4,4
9220,4,4,4,4,4,4,4,4,4,4,4,4
9221,1,1,1,1,1,1,1,1,1,1,5,5
9223,1,1,1,1,1,1,1,1,1,1,1,1
9229,3,3,3,3,3,3,4,3,3,3,3,5
9233,4,4,4,4,4,4,4,4,4,4,4,4
9234,4,4,4,4,4,4,4,4,4,4,4,4
9255,4,4,4,4,4,4,4,4,4,4,4,4
9256,1,1,1,1,1,1,1,1,1,1,1,1
9257,1,1,1,1,1,1,1,1,1,1,1,1
9259,0,0,0,0,0,0,0,0,0,0,0,0
9260,0,0,0,3,3,3,3,3,3,3,3,0
9261,4,4,4,4,4,4,4,3,3,3,1,4
9262,4,4,4,4,3,3,3,4,4,4,4,4
9264,3,4,4,3,4,4,4,4,4,4,4,4
9268,3,4,3,3,3,3,3,3,3,3,3,4
9272,4,4,4,4,4,4,4,4,4,4,4,4
9273,4,4,4,4,4,4,4,4,4,4,4,4
9274,4,4,4,4,4,4,4,4,4,4,4,4
9275,4,4,4,4,4,4,4,4,4,4,4,4
9277,4,4,4,4,4,4,4,4,4,4,4,4
9278,4,4,4,4,4,4,4,4,4,4,4,4
9281,3,3,3,3,3,4,4,4,4,4,4,4
9284,4,4,4,4,4,4,4,4,4,4,4,4
9286,1,1,1,1,1,1,4,4,4,4,4,4
9287,1,1,1,1,1,1,1,1,4,4,4,4
9298,3,3,4,4,4,3,3,3,3,3,5,3
9308,1,1,1,3,3,3,3,3,3,3,3,3
9312,4,4,4,4,4,1,4,4,4,4,4,4
9317,3,3,3,3,3,3,3,3,3,3,3,5
9319,4,4,4,4,4,4,4,4,4,4,4,4
9323,4,4,4,4,4,4,4,4,4,4,4,4
9333,1,1,1,1,1,1,1,1,1,1,1,1
9337,4,4,4,4,4,4,4,4,4,4,4,4
9340,1,1,1,1,1,4,4,4,4,4,4,4
9341,3,3,3,3,4,4,5,5,5,5,5,5
9342,4,4,4,4,4,4,4,4,4,4,4,4
9344,1,1,1,1,1,1,1,1,1,1,4,4
9346,4,4,4,4,4,4,4,4,4,4,4,4
9347,4,4,4,4,4,4,4,4,4,4,4,4
9349,4,4,4,4,4,4,4,4,4,4,4,4
9354,4,4,4,4,4,4,4,4,4,4,4,4
9355,4,4,4,4,4,4,4,4,4,4,4,4
9359,1,1,1,1,1,1,1,1,1,1,1,1
9365,1,1,1,1,1,1,1,1,1,1,1,1
9366,1,1,1,1,1,1,1,1,3,3,3,5
9371,1,1,4,4,4,4,4,4,4,4,4,4
9374,4,4,4,4,4,4,4,4,4,4,4,4
9380,3,3,1,1,1,1,1,1,1,4,4,4
9381,4,4,4,4,4,4,4,4,4,4,4,4
9382,4,4,4,4,4,4,4,4,4,4,4,4
9383,4,4,4,4,4,4,4,4,4,4,3,3
9384,4,4,4,4,4,4,4,4,4,4,4,4
9388,3,3,3,3,3,3,3,4,4,4,4,4
9392,2,2,2,2,2,2,1,1,1,1,1,1
9396,4,4,4,4,4,4,4,4,4,4,4,4
9397,4,4,4,4,4,4,4,4,4,4,4,4
9401,4,4,4,4,4,4,4,4,4,4,4,4
9413,4,4,4,4,4,4,4,4,4,4,4,4
9416,4,4,3,3,3,3,4,4,4,4,4,4
9421,1,1,1,1,1,1,1,1,1,1,1,5
9433,4,4,4,4,4,4,4,4,4,4,4,4
9434,1,1,1,1,1,1,1,1,1,1,1,1
9441,4,4,4,4,4,4,4,4,4,4,4,4
9446,3,3,3,4,4,4,4,4,1,1,1,4
9483,1,1,4,4,4,4,4,4,4,4,4,4
9485,1,1,1,1,1,1,1,1,1,1,4,4
9487,1,1,1,1,3,3,3,3,3,3,3,5
9512,4,4,4,4,4,4,4,4,4,4,4,4
9516,4,4,4,4,4,4,4,4,4,4,4,4
9517,4,4,4,4,4,4,4,4,4,4,4,4
9521,0,0,0,0,0,0,0,0,0,0,0,0
9522,4,4,4,4,4,4,4,4,4,4,4,4
9523,1,1,1,1,1,1,1,1,1,1,1,1
9529,4,4,4,4,4,4,4,4,4,4,4,4
9530,1,1,1,1,1,1,1,1,4,4,3,3
9532,4,4,4,4,4,4,1,1,1,4,4,4
9536,1,1,1,4,4,4,4,4,4,4,4,4
9537,3,3,4,4,4,4,4,4,4,4,4,4
9542,0,0,0,0,0,0,0,0,4,4,4,4
9554,0,0,0,0,0,5,5,5,5,5,5,5
9556,4,4,4,4,4,4,4,4,4,4,4,4
9557,4,5,5,5,5,5,5,5,5,5,5,5
9558,3,4,1,1,4,4,4,4,4,4,4,4
9560,1,1,1,1,1,1,1,1,1,1,5,5
9567,1,1,1,1,1,1,1,1,1,1,1,1
9568,3,3,3,3,3,4,4,4,4,4,4,4
9574,0,0,0,0,0,0,0,0,0,0,0,0
9575,4,4,4,4,4,4,4,4,4,4,4,4
9578,4,4,4,4,4,4,4,4,4,4,4,4
9579,1,1,1,1,1,1,1,1,1,1,1,1
9582,1,1,1,1,1,1,1,1,1,1,3,4
9609,3,3,3,3,3,3,3,3,3,3,4,4
9619,4,3,1,1,1,1,4,4,4,4,3,3
9620,4,4,4,4,4,4,4,1,4,4,4,4
9627,4,1,1,1,4,4,4,4,4,4,4,4
9635,3,3,3,3,3,3,3,3,3,3,3,3
9637,1,1,1,1,1,4,4,4,1,1,1,4
9640,1,1,4,4,4,4,4,4,4,4,4,1
9644,1,1,1,1,1,1,1,1,1,1,1,5
9648,4,4,4,4,4,4,4,4,4,4,4,4
9655,4,4,4,4,4,4,4,4,4,4,4,4
9660,1,1,1,1,1,1,1,1,1,1,1,5
9661,1,1,1,1,1,1,1,1,1,1,1,5
9672,1,1,1,4,4,4,4,4,4,1,4,4
9676,1,1,1,1,4,4,4,4,4,4,4,4
9680,4,3,3,4,4,4,4,4,4,4,4,4
9684,4,4,4,4,4,4,4,4,4,4,4,4
9686,4,4,4,4,3,3,3,3,3,3,5,5
9707,4,4,4,4,4,4,4,4,4,4,4,4
9754,4,4,4,4,4,4,4,4,4,4,4,4
9756,4,4,4,4,4,4,4,4,4,4,4,4
9758,3,3,4,4,4,4,4,4,4,4,4,4
9765,4,4,4,4,4,4,4,4,4,4,4,4
9766,1,1,1,1,2,2,2,2,2,2,2,2
9768,4,4,4,4,4,4,4,4,4,4,4,4
9772,4,1,1,4,4,4,4,4,4,4,4,4
9778,1,1,1,1,1,1,1,1,1,1,5,5
9784,3,3,3,3,3,4,4,4,4,4,4,4
9789,1,1,1,3,3,3,3,3,3,3,5,5
9790,1,1,1,1,1,1,1,1,1,1,1,5
9809,4,4,4,4,4,4,4,4,4,4,4,4
9811,1,1,4,4,4,4,4,4,4,4,4,4
9817,3,3,3,4,3,3,3,4,3,3,5,5
9820,5,5,5,5,5,5,5,5,5,5,5,5
9826,3,4,3,3,4,4,4,4,4,4,4,4
9828,4,4,4,4,4,4,4,4,4,4,4,4
9830,4,4,4,4,4,4,4,4,4,4,4,4
9831,3,3,3,4,4,4,4,4,4,4,4,4
9832,3,3,1,1,4,4,4,4,4,4,4,4
9837,4,4,4,4,4,1,4,4,4,4,4,4
9838,4,4,4,4,4,4,4,4,4,4,4,4
9839,4,3,3,3,4,4,4,3,3,5,5,5
9840,3,1,1,4,4,4,4,4,4,4,4,4
9844,1,4,4,4,4,4,4,3,3,4,4,4
9845,4,1,1,1,1,1,4,4,4,4,4,4
9852,4,4,4,4,4,4,4,4,4,4,4,4
9855,3,3,3,3,3,3,3,3,3,3,5,5
9858,4,4,4,4,1,1,1,1,1,1,1,1
9862,4,4,4,4,4,4,4,4,4,4,4,4
9865,4,4,4,4,4,4,4,4,4,4,4,4
9870,3,3,3,4,4,4,4,4,4,4,4,4
9871,4,4,4,4,4,4,4,4,4,4,4,4
9874,1,1,1,1,4,4,4,4,4,4,4,4
9877,1,1,1,1,1,1,1,1,1,1,1,1
9881,1,1,4,1,1,1,1,1,1,1,1,1
9885,1,1,3,3,4,4,4,4,4,4,3,3
9887,1,1,1,4,4,3,3,3,3,1,1,5
9892,1,1,1,1,1,1,1,1,5,5,5,5
9895,4,4,4,4,4,4,4,4,4,4,4,4
9906,4,0,0,0,0,0,0,0,0,0,0,0
9913,1,1,1,1,1,4,4,4,4,4,4,4
9916,4,4,4,3,3,3,3,3,4,4,4,4
9922,1,1,1,1,1,4,4,4,4,4,4,4
9925,3,3,3,3,3,3,3,3,3,4,4,4
9927,3,3,3,3,3,3,3,3,3,3,3,5
9930,4,4,1,1,1,1,1,1,1,1,1,1
9935,1,1,1,1,1,1,1,1,1,1,1,4
9938,1,1,1,1,1,1,1,1,1,1,1,1
9939,1,1,1,1,1,1,1,1,1,1,1,1
9940,4,4,4,4,4,4,4,4,4,4,4,4
9941,1,1,1,1,1,1,1,1,1,1,1,1
9945,4,4,4,4,4,4,4,4,4,4,4,4
9946,4,4,4,4,4,4,4,4,4,4,4,4
9951,1,1,4,4,4,4,4,4,4,4,4,4
9953,3,3,3,3,3,3,3,3,3,3,3,3
9955,1,1,1,1,1,1,1,1,1,1,1,1
9965,4,4,4,4,4,4,4,4,4,4,4,4
9966,4,4,4,4,4,4,4,4,4,4,4,4
9967,4,4,4,4,4,4,4,4,4,4,4,4
9970,4,4,4,4,4,4,4,4,4,4,4,4
9972,4,1,1,1,4,4,4,4,4,4,4,4
9974,0,0,0,0,4,4,4,4,4,4,4,4
9978,1,1,1,1,1,1,1,1,1,1,1,1
9980,4,4,4,4,4,4,4,4,4,4,4,4
9981,4,4,4,4,4,4,4,4,4,4,4,4
9982,1,1,1,1,5,5,5,5,5,5,5,5
9986,3,3,4,4,4,4,4,4,4,4,4,4
9992,4,4,4,4,4,4,4,4,4,4,4,4
9995,1,1,1,1,1,1,1,1,1,4,4,4
9997,4,4,4,4,4,4,4,4,4,4,4,4
10000,4,4,4,3,4,4,4,4,4,4,4,4
10002,1,1,1,1,1,1,1,1,1,1,1,5
10008,1,1,1,1,1,1,1,1,1,1,1,5
10011,1,1,1,1,1,1,1,1,4,4,4,4
10024,4,1,4,4,4,4,4,4,4,4,1,5
10026,3,1,1,4,4,4,4,4,4,4,4,4
10029,4,4,4,4,4,4,4,4,4,4,4,4
10032,4,4,4,4,4,4,4,4,4,4,4,4
10036,4,4,4,4,4,4,4,4,4,4,4,4
10038,4,4,4,4,4,4,4,4,4,4,4,4
10042,3,3,3,4,4,4,4,4,4,4,4,4
10047,3,3,3,3,3,3,3,3,3,3,3,5
10048,4,4,4,4,4,4,4,4,4,4,4,4
10049,1,4,4,4,4,3,3,1,1,4,4,4
10052,3,3,3,3,3,3,3,3,3,3,4,4
10054,3,4,4,4,4,4,4,4,4,4,4,4
10056,3,3,3,3,3,3,3,3,3,3,5,5
10060,3,3,3,3,3,3,3,3,3,3,3,4
10062,4,4,4,4,4,4,4,4,4,4,4,4
10072,1,1,1,1,1,1,1,4,4,4,4,4
10073,1,1,1,1,1,1,5,5,5,5,5,5
10077,1,1,1,1,1,1,1,1,1,1,5,5
10079,1,1,1,1,1,1,1,1,1,1,1,1
10112,4,4,4,4,4,4,4,4,4,4,4,4
10113,4,4,4,4,4,4,4,4,4,4,4,4
10116,4,4,4,4,4,4,4,4,4,4,4,4
10125,1,1,1,1,1,1,1,1,1,1,1,1
10127,4,1,1,4,4,4,4,4,4,4,4,4
10129,4,4,4,4,4,4,4,4,4,4,4,4
10130,1,1,1,1,1,1,1,1,1,5,5,5
10132,4,4,4,4,4,3,3,4,4,4,4,4
10135,1,1,1,4,1,1,3,3,3,3,3,3
10138,1,1,1,1,1,1,1,1,1,1,1,1
10151,4,4,4,4,4,4,4,4,4,4,4,4
10156,1,1,1,1,1,1,1,4,4,4,4,4
10162,1,1,1,1,1,1,1,1,4,4,4,4
10164,0,0,0,0,0,0,0,0,0,0,0,0
10166,4,4,4,4,4,4,4,4,4,4,4,4
10175,4,4,4,4,4,4,4,4,4,4,4,4
10181,4,4,4,4,4,4,4,4,4,4,4,4
10182,0,0,0,0,0,0,0,0,0,0,0,0
10183,4,4,4,4,4,4,4,4,4,4,4,4
10184,4,4,4,4,4,4,4,4,4,4,4,4
10185,1,1,1,1,1,1,1,1,4,4,4,4
10191,0,0,0,0,0,0,0,0,3,4,4,4
10193,1,1,1,1,1,1,1,1,1,1,1,1
10203,3,3,4,4,4,4,4,4,4,4,4,4
10211,3,3,3,3,3,4,4,4,4,4,4,4
10226,3,3,3,3,1,1,4,4,4,1,1,1
10229,1,1,1,1,1,1,1,1,1,1,1,1
10234,3,3,3,3,3,3,3,0,0,0,4,4
10236,4,4,4,4,4,1,4,4,4,4,4,4
10237,1,1,1,4,4,4,4,4,4,4,4,4
10238,0,0,0,0,0,0,0,0,0,0,0,0
10259,4,4,4,4,4,4,4,4,4,4,4,4
10303,4,4,4,4,4,4,4,4,4,4,4,4
10308,1,1,1,1,1,1,1,1,1,1,1,5
10310,1,1,1,1,1,1,1,1,1,1,1,3
10312,1,1,1,1,1,1,1,1,1,1,1,5
10313,3,4,4,4,4,4,4,4,4,4,4,4
10314,4,4,4,4,4,4,4,4,4,4,4,4
10321,4,4,4,4,4,4,4,4,4,4,4,4
10329,1,1,1,1,1,1,1,1,1,1,1,1
10331,4,4,4,4,4,4,4,4,4,4,4,4
10332,4,4,4,4,4,4,4,4,4,4,4,4
10334,4,4,4,4,4,0,0,0,0,0,0,0
10336,3,3,3,3,3,3,4,4,4,4,4,4
10340,4,4,1,1,4,4,4,4,4,4,4,4
10359,1,1,1,1,1,1,1,1,1,1,1,5
10360,1,1,1,1,1,1,1,1,1,1,5,5
10371,4,4,4,4,4,4,4,4,4,4,4,4
10373,4,4,4,4,4,4,4,4,4,4,4,4
10374,1,1,1,1,1,1,1,1,4,4,4,4
10375,4,4,4,4,4,4,4,0,4,4,4,4
10377,3,3,3,3,3,3,3,3,4,4,4,4
10378,1,1,1,1,1,1,1,1,1,1,1,1
10379,1,1,1,1,1,1,1,1,1,1,1,1
10383,4,4,4,4,4,4,4,4,4,4,4,4
10390,1,1,1,1,1,1,1,1,1,1,1,1
10401,2,2,2,2,2,4,1,1,3,4,4,4
10406,1,1,1,1,1,1,1,1,1,1,1,1
10421,4,4,3,3,3,4,4,4,4,4,4,4
10422,4,4,4,4,4,4,4,4,4,4,4,4
10427,1,1,1,1,1,1,1,4,1,1,1,1
10428,4,1,1,1,1,1,1,1,4,4,4,4
10429,4,4,4,4,4,4,4,4,4,4,4,4
10433,4,4,4,4,4,4,4,4,4,4,4,4
10436,1,1,1,1,1,3,3,3,3,3,3,3
10443,1,1,1,1,1,1,1,1,1,1,1,1
10444,3,3,4,4,4,4,4,4,4,4,4,4
10445,4,4,4,4,4,4,4,4,4,4,4,4
10448,1,1,1,1,1,1,1,1,1,1,1,1
10450,1,1,1,1,1,1,1,1,1,1,1,3
10451,1,1,1,1,1,1,1,1,1,1,1,4
10452,1,1,4,4,4,4,4,4,4,4,4,4
10478,1,1,1,1,1,1,1,1,1,1,1,5
10481,0,0,0,0,0,3,3,3,3,3,3,4
10486,3,3,3,3,3,3,3,3,3,3,3,5
10491,4,4,4,4,4,4,4,4,4,4,4,4
10500,4,4,4,1,1,1,1,1,1,4,4,4
10504,1,1,1,1,1,1,1,1,1,1,1,3
10506,4,4,4,4,4,4,4,4,4,4,4,4
10507,1,4,4,1,1,1,3,4,4,4,4,4
10511,1,1,1,1,1,1,1,1,1,1,4,1
10512,1,1,1,1,1,1,1,1,1,1,1,1
10516,1,1,1,4,4,4,4,4,4,4,4,4
10521,0,0,0,0,0,0,0,0,0,0,0,0
10526,4,4,4,4,4,4,4,4,4,4,4,4
10529,1,1,1,1,1,1,1,1,1,1,1,1
10530,4,4,4,4,4,4,4,4,4,4,4,4
10532,4,4,4,4,4,4,4,4,4,4,4,4
10535,1,1,1,1,1,1,1,1,1,1,1,5
10537,3,3,3,4,3,3,3,4,4,4,4,4
10538,4,4,4,3,3,3,3,3,3,3,3,3
10542,1,1,1,1,1,1,1,1,1,1,1,1
10543,1,1,1,1,1,1,1,4,1,1,1,1
10544,4,4,3,4,4,4,4,4,4,4,4,4
10546,4,4,4,4,4,4,4,4,4,4,4,4
10550,1,1,1,1,1,1,1,1,1,1,1,1
10554,4,4,3,4,4,4,4,4,4,4,4,4
10565,1,4,4,1,1,1,1,4,4,4,4,4
10572,1,1,1,1,1,1,1,1,1,1,1,5
10573,1,1,1,1,1,1,1,1,1,1,1,1
10579,4,4,4,4,4,4,4,4,4,4,4,4
10581,4,1,1,1,4,4,4,4,4,4,4,4
10582,4,4,4,4,4,4,4,4,4,4,4,4
10586,0,0,0,0,0,0,0,0,0,4,4,4
10590,1,4,4,4,4,4,4,4,4,4,4,4
11752,0,0,0,0,0,0,0,0,0,0,0,0
11756,1,1,1,1,1,1,1,1,1,1,1,4
11757,3,3,3,3,3,3,3,3,3,4,4,4
11761,3,3,1,1,1,1,1,4,4,4,4,4
11764,4,4,4,4,4,4,4,4,4,4,4,4
11765,1,1,1,1,1,1,1,1,1,1,1,1
11769,1,1,1,1,1,1,1,4,4,4,4,4
11772,4,4,4,4,4,4,4,4,4,4,4,4
11773,4,4,4,4,4,4,4,4,4,4,4,4
11777,1,1,1,1,1,1,1,1,1,1,5,5
11779,1,1,1,1,1,1,3,3,3,3,3,3
11784,3,3,3,3,3,3,3,4,4,4,4,4
11785,1,1,1,1,1,1,1,1,1,1,5,5
11787,4,4,4,4,4,4,4,4,4,4,4,4
11792,1,1,1,1,1,1,1,3,3,3,3,4
11794,1,1,1,1,1,1,1,1,1,1,1,1
11797,3,3,3,4,4,4,4,4,4,4,4,4
11798,4,4,4,4,4,4,4,4,4,4,4,4
11800,4,4,4,4,4,4,4,4,4,4,4,4
11802,4,4,4,4,4,3,3,3,4,4,4,4
11807,1,1,1,1,1,1,1,1,1,1,1,1
11808,1,1,1,1,1,1,1,1,1,1,1,1
11811,4,4,4,4,4,4,4,4,4,4,4,4
11812,4,4,4,4,4,4,4,4,4,0,0,0
11813,4,4,4,4,4,4,4,4,4,4,4,4
11814,4,4,4,4,4,4,4,4,4,4,4,4
11816,3,3,3,3,4,3,4,3,3,4,3,5
11818,4,4,4,4,4,4,4,4,4,4,4,4
11819,3,3,3,3,3,3,3,3,3,4,4,4
11826,4,4,4,4,4,4,4,4,4,4,4,4
11831,4,4,1,1,1,1,1,1,1,1,1,1
11832,4,4,4,4,4,4,4,1,1,1,1,4
11835,1,1,1,1,1,1,1,1,1,1,1,1
11838,1,1,1,1,1,1,1,1,1,1,5,5
11839,4,1,1,4,4,4,4,1,3,3,3,3
11842,1,1,1,1,4,4,4,4,4,4,4,4
11845,1,1,1,1,1,1,1,1,1,1,1,1
11847,1,1,1,1,1,1,1,1,1,1,5,5
11850,4,4,4,4,4,4,4,4,4,4,4,4
11853,1,1,1,1,1,1,1,1,1,1,1,5
11855,4,4,4,4,4,1,1,1,1,4,4,4
11858,1,1,1,1,1,1,1,1,1,2,2,2
11859,0,0,0,0,0,0,0,0,0,0,0,0
11861,1,1,1,1,4,4,4,4,1,1,5,5
11865,3,3,3,3,4,4,4,4,4,4,4,4
11868,1,1,1,1,1,1,1,1,1,1,1,1
11870,1,1,1,1,1,1,1,1,1,1,1,1
11873,4,4,4,4,4,4,4,4,4,4,4,4
11874,0,0,0,0,0,0,1,1,1,1,1,1
11876,4,1,1,1,1,1,4,4,4,4,4,4
11877,4,4,4,0,0,0,0,0,0,0,0,0
11878,4,4,4,4,4,4,4,4,4,4,4,4
11879,3,3,3,4,4,3,3,3,3,3,3,4
11886,1,1,1,1,1,1,1,1,1,1,1,1
11891,4,4,3,3,3,3,3,4,4,4,4,4
11894,1,1,1,4,4,4,1,1,1,1,1,1
11898,1,1,1,1,1,1,1,1,1,1,1,1
11899,1,1,1,1,1,1,3,3,3,3,3,5
11901,3,3,3,3,3,3,3,3,3,3,5,5
11902,4,4,4,4,4,4,4,4,4,4,4,4
11903,4,4,4,4,4,4,4,4,4,4,4,4
11905,1,1,1,4,4,4,4,4,4,4,4,4
11906,1,1,1,1,1,1,1,1,1,1,3,3
11909,1,1,1,1,4,4,4,4,4,4,4,4
11910,1,1,1,1,1,1,1,1,1,1,1,4
11915,1,4,4,4,4,4,4,4,4,4,4,4
11916,1,1,1,1,1,1,1,1,1,1,4,4
11918,1,1,1,1,1,1,1,1,1,1,1,1
11923,1,1,1,1,1,1,1,1,1,1,1,4
11927,4,4,4,4,4,4,4,4,4,4,4,4
11930,4,4,4,4,4,4,4,4,4,4,4,4
11932,4,4,4,4,4,4,4,1,1,1,5,4
11933,4,4,4,4,4,4,4,4,4,4,4,4
11935,3,3,3,3,5,5,5,5,5,5,5,5
11940,4,4,4,3,3,3,3,3,3,3,5,5
11943,4,4,4,4,3,1,1,1,1,1,4,4
11948,1,1,1,1,1,1,1,1,1,1,1,1
11949,1,1,1,1,1,1,1,1,1,1,1,1
11950,4,4,4,4,4,4,4,4,4,4,4,4
11951,4,4,4,4,4,4,4,4,4,4,4,4
11955,1,1,1,1,1,1,4,4,4,4,4,4
11958,1,1,1,1,1,1,1,1,1,1,1,1
11967,4,4,4,4,3,4,4,4,4,4,4,4
11968,4,4,4,4,4,4,4,4,4,4,4,4
11970,1,1,1,1,1,1,1,4,4,4,4,4
11980,1,1,1,1,1,1,1,1,1,1,1,1
11981,1,1,1,1,1,4,4,4,4,4,4,4
11987,1,1,1,1,1,1,1,1,1,1,4,4
11988,4,4,4,4,4,4,4,4,4,4,4,4
11989,1,1,1,1,1,1,1,1,1,1,1,1
11993,4,4,4,4,4,4,4,4,4,4,4,4
11995,3,3,3,3,3,3,1,1,1,5,5,5
12000,1,1,1,1,1,1,1,1,1,1,1,1
12004,4,4,4,4,4,4,4,4,4,4,4,4
12005,1,1,1,4,1,1,1,1,1,1,4,4
12015,4,4,4,4,4,4,4,4,4,4,4,4
12017,4,4,4,4,4,4,4,4,4,4,4,4
12018,1,1,1,1,1,1,1,1,1,1,1,1
12022,1,1,1,1,1,1,1,1,1,1,1,1
12025,1,1,1,3,3,3,3,3,3,3,3,5
12028,1,1,1,1,1,1,1,1,1,1,1,1
12029,4,4,4,4,4,4,4,4,4,4,4,4
12030,1,1,1,1,1,1,1,1,1,1,1,1
12032,3,3,3,3,3,4,4,4,4,4,4,4
12035,0,0,0,0,0,0,0,0,0,0,0,0
12036,1,1,1,1,1,1,1,1,1,1,1,5
12042,1,1,1,1,1,1,1,1,1,1,1,5
12046,1,1,1,1,1,1,1,1,4,4,4,4
12048,1,1,1,1,1,1,1,1,1,1,1,1
12051,4,4,4,4,4,4,4,4,4,4,4,4
12052,1,1,1,1,1,1,1,1,1,1,1,1
12054,1,1,1,1,1,1,1,1,1,1,1,5
12057,3,3,3,3,3,4,4,4,4,4,4,4
12058,1,1,1,1,1,1,1,1,1,1,1,1
12061,4,4,4,4,4,4,4,4,4,4,4,4
12062,1,1,1,1,1,1,1,1,1,1,4,4
12066,4,4,4,4,4,4,4,4,4,4,4,4
12070,1,1,1,1,1,1,1,1,1,1,1,1
12076,3,3,3,3,3,3,3,3,3,3,3,3
12078,1,1,1,1,1,1,3,3,3,3,3,3
12083,4,4,4,4,4,4,4,4,4,4,4,4
12085,4,4,4,4,4,4,4,4,4,4,4,4
12086,3,3,3,3,3,3,3,3,3,3,3,3
12087,4,4,4,4,4,4,4,4,4,4,4,4
12092,1,1,1,1,1,1,1,1,1,1,1,1
12097,4,4,4,4,4,4,4,4,3,3,3,3
12104,1,1,1,1,1,1,1,1,1,1,1,1
12108,4,4,4,4,4,4,4,4,4,4,4,4
12113,1,1,1,1,1,1,1,1,1,1,1,1
12115,4,4,4,4,4,4,4,4,4,4,4,4
12117,4,4,4,4,4,4,4,4,4,4,4,4
12118,1,1,1,1,1,1,1,1,1,1,1,1
12120,4,4,4,4,4,4,4,4,4,4,4,4
12121,4,4,4,4,4,4,4,4,4,4,4,4
12123,0,0,0,0,0,0,0,0,0,0,0,0
12128,1,1,1,1,1,1,1,1,1,1,1,5
12130,3,3,3,4,4,4,4,4,4,4,4,4
12135,1,1,1,1,1,1,1,1,1,1,1,1
12137,1,1,1,1,1,1,1,1,1,5,5,5
12138,3,3,3,3,3,4,4,4,4,4,4,4
12140,0,0,0,0,0,0,0,0,0,0,0,0
12142,4,4,4,4,4,4,4,4,4,4,4,4
12146,3,4,4,4,4,4,4,4,4,4,4,4
12148,0,0,0,0,0,0,0,0,0,0,0,4
12149,4,4,4,4,4,4,4,4,4,4,4,4
12150,4,4,4,4,4,4,4,4,4,4,4,4
12153,1,1,1,1,1,1,1,1,1,1,1,5
12162,1,1,1,1,1,1,1,1,1,1,1,1
12172,0,4,4,4,4,4,4,4,4,4,4,4
12176,1,4,4,4,4,4,4,4,4,4,4,4
12177,4,4,4,4,4,4,4,4,4,4,4,4
12181,4,4,4,4,4,4,4,4,4,4,4,4
12185,1,1,1,1,1,1,1,1,1,1,1,4
12188,1,1,1,1,1,1,1,1,5,5,5,5
12191,4,4,4,4,4,4,4,4,4,4,4,4
12193,1,1,1,4,4,4,4,1,1,1,1,1
12194,4,4,4,4,4,4,4,4,4,4,4,4
12201,1,1,1,4,4,4,4,4,4,4,4,4
12208,1,1,1,1,1,1,1,1,1,1,1,5
12210,4,4,4,4,4,4,4,4,4,4,4,4
12211,0,0,0,0,0,0,0,0,0,0,0,0
12217,1,1,1,1,1,4,4,4,4,4,4,4
12222,4,4,4,4,4,4,4,4,4,4,4,4
12228,4,4,4,4,4,4,4,4,4,4,4,4
12241,1,1,1,1,1,1,1,1,1,4,4,4
12254,4,4,4,4,4,4,4,4,4,4,4,4
12269,0,0,0,3,3,4,4,4,4,4,4,4
12278,4,4,4,4,4,4,4,4,4,4,4,4
12281,4,3,3,3,3,3,3,3,4,4,4,4
12282,1,3,4,4,4,4,4,4,4,4,4,4
12284,1,1,1,1,1,1,1,1,1,1,1,1
12293,4,4,4,4,4,4,4,4,4,4,4,4
12303,4,4,4,4,4,4,4,4,4,4,4,4
12304,4,4,4,4,4,4,4,4,4,4,4,4
12515,4,4,4,4,4,4,4,4,4,4,4,4
12558,1,4,3,3,3,4,4,4,4,4,4,4
